id_cliente,nome_cliente,data_cadastro,cep,cidade,uf,segmento_cliente,status_cliente
1,Cliente 00001,2024-04-12,,,,Novo,Ativo
2,Cliente 00002,2025-03-11,,,,Novo,Ativo
3,Cliente 00003,2024-09-27,,,,Recorrente,Ativo
4,Cliente 00004,2024-04-16,,,,Novo,Ativo
5,Cliente 00005,2024-03-12,,,,Novo,Ativo
6,Cliente 00006,2025-12-01,,,,Novo,Ativo
7,Cliente 00007,2024-01-21,,,,Novo,Ativo
8,Cliente 00008,2025-09-06,,,,Recorrente,Ativo
9,Cliente 00009,2024-05-01,,,,Recorrente,Ativo
10,Cliente 00010,2025-04-11,,,,Novo,Ativo
11,Cliente 00011,2024-08-02,,,,Recorrente,Ativo
12,Cliente 00012,2024-11-26,,,,Novo,Ativo
13,Cliente 00013,2025-04-03,,,,Novo,Ativo
14,Cliente 00014,2024-03-28,,,,Recorrente,Ativo
15,Cliente 00015,2025-01-07,,,,Novo,Ativo
16,Cliente 00016,2024-04-09,,,,Novo,Ativo
17,Cliente 00017,2025-10-25,,,,Novo,Ativo
18,Cliente 00018,2024-05-10,,,,Novo,Ativo
19,Cliente 00019,2025-10-23,,,,Novo,Ativo
20,Cliente 00020,2024-11-04,,,,Recorrente,Ativo
21,Cliente 00021,2024-12-09,,,,Novo,Ativo
22,Cliente 00022,2025-05-06,,,,Novo,Ativo
23,Cliente 00023,2025-02-17,,,,Novo,Ativo
24,Cliente 00024,2025-01-20,,,,Recorrente,Ativo
25,Cliente 00025,2024-07-10,,,,Recorrente,Ativo
26,Cliente 00026,2024-10-03,,,,Recorrente,Ativo
27,Cliente 00027,2024-06-09,,,,Recorrente,Ativo
28,Cliente 00028,2025-04-04,,,,Recorrente,Ativo
29,Cliente 00029,2024-11-09,,,,Novo,Ativo
30,Cliente 00030,2024-01-22,,,,Novo,Ativo
31,Cliente 00031,2024-09-09,,,,Recorrente,Ativo
32,Cliente 00032,2025-07-14,,,,VIP,Ativo
33,Cliente 00033,2025-04-19,,,,Recorrente,Ativo
34,Cliente 00034,2024-02-28,,,,Novo,Ativo
35,Cliente 00035,2025-05-25,,,,Novo,Ativo
36,Cliente 00036,2025-11-12,,,,Novo,Ativo
37,Cliente 00037,2025-04-20,,,,Recorrente,Ativo
38,Cliente 00038,2025-11-30,,,,Novo,Ativo
39,Cliente 00039,2024-07-08,,,,Novo,Ativo
40,Cliente 00040,2025-11-17,,,,Recorrente,Ativo
41,Cliente 00041,2025-07-16,,,,Novo,Ativo
42,Cliente 00042,2025-07-20,,,,Recorrente,Ativo
43,Cliente 00043,2024-08-31,,,,Novo,Ativo
44,Cliente 00044,2025-05-19,,,,Novo,Ativo
45,Cliente 00045,2024-05-10,,,,Novo,Ativo
46,Cliente 00046,2025-04-29,,,,Recorrente,Ativo
47,Cliente 00047,2025-10-08,,,,Novo,Ativo
48,Cliente 00048,2024-01-21,,,,Novo,Ativo
49,Cliente 00049,2024-06-15,,,,VIP,Ativo
50,Cliente 00050,2024-09-30,,,,Novo,Ativo
51,Cliente 00051,2025-01-22,,,,Recorrente,Ativo
52,Cliente 00052,2025-08-23,,,,Recorrente,Ativo
53,Cliente 00053,2024-11-11,,,,Novo,Ativo
54,Cliente 00054,2024-01-14,,,,Recorrente,Ativo
55,Cliente 00055,2024-08-29,,,,Novo,Ativo
56,Cliente 00056,2024-12-11,,,,Recorrente,Ativo
57,Cliente 00057,2025-07-18,,,,Novo,Ativo
58,Cliente 00058,2024-12-05,,,,Recorrente,Ativo
59,Cliente 00059,2024-04-01,,,,Novo,Ativo
60,Cliente 00060,2025-01-01,,,,Recorrente,Ativo
61,Cliente 00061,2025-03-30,,,,Novo,Ativo
62,Cliente 00062,2025-03-03,,,,Novo,Ativo
63,Cliente 00063,2025-05-23,,,,Novo,Ativo
64,Cliente 00064,2024-02-04,,,,Novo,Ativo
65,Cliente 00065,2024-07-24,,,,Recorrente,Ativo
66,Cliente 00066,2024-03-21,,,,Novo,Ativo
67,Cliente 00067,2025-07-15,,,,VIP,Ativo
68,Cliente 00068,2025-01-22,,,,VIP,Ativo
69,Cliente 00069,2024-01-02,,,,Recorrente,Ativo
70,Cliente 00070,2025-01-24,,,,Novo,Ativo
71,Cliente 00071,2025-07-19,,,,Novo,Inativo
72,Cliente 00072,2024-04-15,,,,Recorrente,Ativo
73,Cliente 00073,2025-04-21,,,,Novo,Ativo
74,Cliente 00074,2025-12-03,,,,Novo,Inativo
75,Cliente 00075,2025-02-05,,,,Recorrente,Inativo
76,Cliente 00076,2025-12-30,,,,Recorrente,Ativo
77,Cliente 00077,2025-07-09,,,,Recorrente,Ativo
78,Cliente 00078,2024-06-10,,,,Novo,Ativo
79,Cliente 00079,2024-07-20,,,,Recorrente,Inativo
80,Cliente 00080,2024-09-26,,,,Novo,Ativo
81,Cliente 00081,2024-09-27,,,,Novo,Ativo
82,Cliente 00082,2025-03-31,,,,Recorrente,Ativo
83,Cliente 00083,2025-04-06,,,,Novo,Ativo
84,Cliente 00084,2025-12-27,,,,Novo,Ativo
85,Cliente 00085,2024-09-08,,,,Novo,Ativo
86,Cliente 00086,2025-12-02,,,,Recorrente,Ativo
87,Cliente 00087,2024-10-22,,,,Recorrente,Ativo
88,Cliente 00088,2025-12-25,,,,Recorrente,Ativo
89,Cliente 00089,2025-12-20,,,,Recorrente,Ativo
90,Cliente 00090,2024-12-03,,,,Novo,Ativo
91,Cliente 00091,2024-02-22,,,,Novo,Ativo
92,Cliente 00092,2024-08-04,,,,Novo,Ativo
93,Cliente 00093,2024-07-06,,,,Novo,Ativo
94,Cliente 00094,2025-01-14,,,,Novo,Ativo
95,Cliente 00095,2025-05-07,,,,VIP,Ativo
96,Cliente 00096,2024-02-10,,,,Novo,Ativo
97,Cliente 00097,2024-06-05,,,,Novo,Ativo
98,Cliente 00098,2024-01-15,,,,Novo,Ativo
99,Cliente 00099,2024-03-05,,,,Novo,Ativo
100,Cliente 00100,2025-06-04,,,,VIP,Ativo
101,Cliente 00101,2024-12-09,,,,Novo,Ativo
102,Cliente 00102,2024-05-08,,,,Novo,Ativo
103,Cliente 00103,2025-10-09,,,,Recorrente,Ativo
104,Cliente 00104,2025-04-16,,,,Novo,Ativo
105,Cliente 00105,2024-03-03,,,,Novo,Ativo
106,Cliente 00106,2024-05-18,,,,Novo,Ativo
107,Cliente 00107,2025-05-13,,,,Recorrente,Ativo
108,Cliente 00108,2025-08-15,,,,VIP,Ativo
109,Cliente 00109,2025-01-26,,,,Recorrente,Ativo
110,Cliente 00110,2025-11-05,,,,Novo,Ativo
111,Cliente 00111,2025-02-22,,,,Recorrente,Ativo
112,Cliente 00112,2024-10-15,,,,Novo,Ativo
113,Cliente 00113,2025-01-13,,,,Novo,Ativo
114,Cliente 00114,2025-05-04,,,,Novo,Ativo
115,Cliente 00115,2024-08-18,,,,Novo,Ativo
116,Cliente 00116,2024-02-10,,,,Novo,Ativo
117,Cliente 00117,2024-01-28,,,,Recorrente,Ativo
118,Cliente 00118,2024-05-14,,,,VIP,Ativo
119,Cliente 00119,2024-07-19,,,,Novo,Ativo
120,Cliente 00120,2024-02-02,,,,Novo,Ativo
121,Cliente 00121,2024-02-17,,,,Novo,Ativo
122,Cliente 00122,2025-05-17,,,,Novo,Ativo
123,Cliente 00123,2025-02-10,,,,Recorrente,Ativo
124,Cliente 00124,2025-07-27,,,,Novo,Ativo
125,Cliente 00125,2025-12-28,,,,Recorrente,Ativo
126,Cliente 00126,2024-04-08,,,,Novo,Ativo
127,Cliente 00127,2025-11-14,,,,Novo,Ativo
128,Cliente 00128,2025-12-26,,,,Novo,Ativo
129,Cliente 00129,2025-06-30,,,,Novo,Inativo
130,Cliente 00130,2025-09-04,,,,Novo,Ativo
131,Cliente 00131,2025-04-06,,,,Recorrente,Ativo
132,Cliente 00132,2025-10-04,,,,Novo,Ativo
133,Cliente 00133,2024-01-05,,,,Recorrente,Ativo
134,Cliente 00134,2024-08-05,,,,Novo,Ativo
135,Cliente 00135,2025-05-17,,,,Novo,Ativo
136,Cliente 00136,2025-02-01,,,,Novo,Ativo
137,Cliente 00137,2025-01-27,,,,Recorrente,Ativo
138,Cliente 00138,2024-07-25,,,,Novo,Ativo
139,Cliente 00139,2024-01-15,,,,Recorrente,Ativo
140,Cliente 00140,2025-07-07,,,,Novo,Ativo
141,Cliente 00141,2025-04-05,,,,Recorrente,Ativo
142,Cliente 00142,2025-11-21,,,,Novo,Ativo
143,Cliente 00143,2025-07-28,,,,Recorrente,Ativo
144,Cliente 00144,2024-08-28,,,,Recorrente,Ativo
145,Cliente 00145,2025-07-17,,,,VIP,Ativo
146,Cliente 00146,2024-04-05,,,,Novo,Ativo
147,Cliente 00147,2025-04-29,,,,Novo,Ativo
148,Cliente 00148,2025-02-10,,,,Novo,Ativo
149,Cliente 00149,2024-08-18,,,,Recorrente,Ativo
150,Cliente 00150,2025-10-16,,,,Novo,Ativo
151,Cliente 00151,2024-06-19,,,,Recorrente,Ativo
152,Cliente 00152,2025-06-24,,,,Novo,Ativo
153,Cliente 00153,2024-02-05,,,,Novo,Ativo
154,Cliente 00154,2025-06-08,,,,Novo,Ativo
155,Cliente 00155,2024-06-08,,,,VIP,Inativo
156,Cliente 00156,2025-11-29,,,,Recorrente,Ativo
157,Cliente 00157,2024-08-30,,,,VIP,Ativo
158,Cliente 00158,2024-03-26,,,,Novo,Ativo
159,Cliente 00159,2025-07-31,,,,Recorrente,Inativo
160,Cliente 00160,2025-11-12,,,,Recorrente,Ativo
161,Cliente 00161,2025-07-10,,,,Novo,Ativo
162,Cliente 00162,2025-07-27,,,,Recorrente,Ativo
163,Cliente 00163,2025-10-07,,,,VIP,Ativo
164,Cliente 00164,2024-01-28,,,,Recorrente,Ativo
165,Cliente 00165,2025-09-11,,,,Recorrente,Ativo
166,Cliente 00166,2025-07-09,,,,Novo,Ativo
167,Cliente 00167,2024-12-05,,,,Novo,Ativo
168,Cliente 00168,2024-11-26,,,,VIP,Ativo
169,Cliente 00169,2025-10-01,,,,Novo,Ativo
170,Cliente 00170,2025-05-20,,,,Recorrente,Ativo
171,Cliente 00171,2024-12-13,,,,Recorrente,Ativo
172,Cliente 00172,2025-04-17,,,,Recorrente,Ativo
173,Cliente 00173,2024-08-18,,,,VIP,Ativo
174,Cliente 00174,2024-07-08,,,,Novo,Ativo
175,Cliente 00175,2024-08-12,,,,Novo,Ativo
176,Cliente 00176,2025-01-19,,,,Novo,Ativo
177,Cliente 00177,2025-01-11,,,,Novo,Ativo
178,Cliente 00178,2024-10-09,,,,Novo,Ativo
179,Cliente 00179,2025-09-24,,,,Novo,Ativo
180,Cliente 00180,2025-09-19,,,,Recorrente,Ativo
181,Cliente 00181,2024-09-15,,,,VIP,Ativo
182,Cliente 00182,2024-12-24,,,,Novo,Ativo
183,Cliente 00183,2025-12-10,,,,Novo,Ativo
184,Cliente 00184,2025-03-31,,,,VIP,Ativo
185,Cliente 00185,2025-02-14,,,,Novo,Ativo
186,Cliente 00186,2025-10-10,,,,Novo,Ativo
187,Cliente 00187,2024-11-13,,,,Novo,Ativo
188,Cliente 00188,2025-11-07,,,,Recorrente,Ativo
189,Cliente 00189,2024-08-12,,,,Novo,Ativo
190,Cliente 00190,2024-08-21,,,,VIP,Ativo
191,Cliente 00191,2025-11-14,,,,Novo,Ativo
192,Cliente 00192,2025-10-25,,,,Novo,Ativo
193,Cliente 00193,2025-01-08,,,,Novo,Ativo
194,Cliente 00194,2025-11-02,,,,Novo,Inativo
195,Cliente 00195,2025-08-30,,,,Recorrente,Ativo
196,Cliente 00196,2025-04-16,,,,Recorrente,Ativo
197,Cliente 00197,2024-08-20,,,,Recorrente,Ativo
198,Cliente 00198,2025-11-22,,,,Recorrente,Ativo
199,Cliente 00199,2024-04-22,,,,VIP,Ativo
200,Cliente 00200,2025-05-11,,,,Recorrente,Ativo
201,Cliente 00201,2025-03-17,,,,Recorrente,Ativo
202,Cliente 00202,2025-07-17,,,,Novo,Ativo
203,Cliente 00203,2024-09-24,,,,Novo,Ativo
204,Cliente 00204,2025-05-24,,,,Novo,Ativo
205,Cliente 00205,2025-01-20,,,,Recorrente,Ativo
206,Cliente 00206,2025-01-21,,,,Novo,Ativo
207,Cliente 00207,2024-04-22,,,,Novo,Ativo
208,Cliente 00208,2025-09-04,,,,Recorrente,Ativo
209,Cliente 00209,2025-09-16,,,,Recorrente,Ativo
210,Cliente 00210,2024-03-21,,,,VIP,Ativo
211,Cliente 00211,2025-11-29,,,,Novo,Ativo
212,Cliente 00212,2024-04-22,,,,Recorrente,Ativo
213,Cliente 00213,2024-01-02,,,,Novo,Inativo
214,Cliente 00214,2025-10-03,,,,Novo,Ativo
215,Cliente 00215,2024-08-07,,,,Novo,Ativo
216,Cliente 00216,2025-07-19,,,,Novo,Ativo
217,Cliente 00217,2024-08-12,,,,Novo,Ativo
218,Cliente 00218,2025-01-19,,,,Recorrente,Ativo
219,Cliente 00219,2025-02-06,,,,Novo,Ativo
220,Cliente 00220,2025-09-29,,,,Recorrente,Ativo
221,Cliente 00221,2024-05-09,,,,Novo,Ativo
222,Cliente 00222,2024-02-22,,,,Novo,Ativo
223,Cliente 00223,2025-11-14,,,,Novo,Ativo
224,Cliente 00224,2025-12-30,,,,Novo,Ativo
225,Cliente 00225,2025-11-02,,,,Recorrente,Ativo
226,Cliente 00226,2025-12-10,,,,Novo,Ativo
227,Cliente 00227,2025-02-19,,,,Novo,Ativo
228,Cliente 00228,2024-09-03,,,,Novo,Ativo
229,Cliente 00229,2025-03-14,,,,Novo,Ativo
230,Cliente 00230,2024-07-21,,,,VIP,Ativo
231,Cliente 00231,2024-07-02,,,,Novo,Ativo
232,Cliente 00232,2024-05-02,,,,Recorrente,Ativo
233,Cliente 00233,2025-02-04,,,,Recorrente,Inativo
234,Cliente 00234,2024-10-20,,,,VIP,Ativo
235,Cliente 00235,2024-10-06,,,,Recorrente,Inativo
236,Cliente 00236,2025-09-01,,,,Recorrente,Ativo
237,Cliente 00237,2024-07-16,,,,Recorrente,Ativo
238,Cliente 00238,2025-05-25,,,,Recorrente,Ativo
239,Cliente 00239,2024-05-23,,,,Novo,Ativo
240,Cliente 00240,2025-08-31,,,,Novo,Ativo
241,Cliente 00241,2024-07-19,,,,Novo,Ativo
242,Cliente 00242,2024-05-03,,,,Recorrente,Ativo
243,Cliente 00243,2024-07-05,,,,Recorrente,Ativo
244,Cliente 00244,2024-11-21,,,,Novo,Ativo
245,Cliente 00245,2025-04-08,,,,Recorrente,Ativo
246,Cliente 00246,2024-12-14,,,,Novo,Ativo
247,Cliente 00247,2025-10-21,,,,Novo,Ativo
248,Cliente 00248,2025-02-06,,,,VIP,Ativo
249,Cliente 00249,2024-12-11,,,,Novo,Ativo
250,Cliente 00250,2025-05-25,,,,Novo,Ativo
251,Cliente 00251,2024-05-26,,,,Recorrente,Ativo
252,Cliente 00252,2024-05-27,,,,Recorrente,Ativo
253,Cliente 00253,2025-12-11,,,,Novo,Ativo
254,Cliente 00254,2025-05-03,,,,Recorrente,Ativo
255,Cliente 00255,2025-10-01,,,,Novo,Ativo
256,Cliente 00256,2025-07-04,,,,Novo,Ativo
257,Cliente 00257,2024-12-03,,,,Novo,Ativo
258,Cliente 00258,2025-10-02,,,,Recorrente,Ativo
259,Cliente 00259,2025-04-17,,,,Novo,Ativo
260,Cliente 00260,2024-05-30,,,,VIP,Ativo
261,Cliente 00261,2025-02-18,,,,Recorrente,Ativo
262,Cliente 00262,2024-10-24,,,,VIP,Inativo
263,Cliente 00263,2025-09-02,,,,Novo,Ativo
264,Cliente 00264,2024-09-19,,,,VIP,Ativo
265,Cliente 00265,2024-05-23,,,,Novo,Ativo
266,Cliente 00266,2024-12-11,,,,Novo,Ativo
267,Cliente 00267,2025-09-15,,,,Novo,Ativo
268,Cliente 00268,2025-07-25,,,,Novo,Ativo
269,Cliente 00269,2024-01-02,,,,Recorrente,Ativo
270,Cliente 00270,2024-10-30,,,,Novo,Ativo
271,Cliente 00271,2024-09-10,,,,Novo,Ativo
272,Cliente 00272,2025-10-13,,,,Recorrente,Ativo
273,Cliente 00273,2025-03-28,,,,Novo,Ativo
274,Cliente 00274,2024-02-06,,,,Recorrente,Ativo
275,Cliente 00275,2024-06-08,,,,Novo,Ativo
276,Cliente 00276,2024-01-09,,,,Recorrente,Ativo
277,Cliente 00277,2024-08-20,,,,Recorrente,Ativo
278,Cliente 00278,2024-04-08,,,,Novo,Ativo
279,Cliente 00279,2025-10-20,,,,Novo,Ativo
280,Cliente 00280,2024-07-26,,,,Novo,Inativo
281,Cliente 00281,2024-05-10,,,,Recorrente,Ativo
282,Cliente 00282,2025-02-07,,,,Novo,Ativo
283,Cliente 00283,2024-05-31,,,,Novo,Ativo
284,Cliente 00284,2024-02-23,,,,Novo,Ativo
285,Cliente 00285,2024-04-29,,,,Novo,Ativo
286,Cliente 00286,2025-11-03,,,,Novo,Ativo
287,Cliente 00287,2025-09-19,,,,Recorrente,Ativo
288,Cliente 00288,2025-08-09,,,,Novo,Ativo
289,Cliente 00289,2025-09-16,,,,Novo,Ativo
290,Cliente 00290,2025-02-23,,,,Recorrente,Ativo
291,Cliente 00291,2025-02-25,,,,Recorrente,Ativo
292,Cliente 00292,2024-04-13,,,,Novo,Ativo
293,Cliente 00293,2024-09-10,,,,Novo,Inativo
294,Cliente 00294,2024-08-14,,,,Novo,Ativo
295,Cliente 00295,2024-04-21,,,,VIP,Ativo
296,Cliente 00296,2025-05-24,,,,Novo,Ativo
297,Cliente 00297,2025-04-17,,,,VIP,Inativo
298,Cliente 00298,2024-04-08,,,,Recorrente,Ativo
299,Cliente 00299,2024-06-01,,,,Novo,Ativo
300,Cliente 00300,2024-12-03,,,,Novo,Ativo
301,Cliente 00301,2025-12-06,,,,Novo,Ativo
302,Cliente 00302,2024-06-11,,,,Novo,Ativo
303,Cliente 00303,2025-12-20,,,,Novo,Ativo
304,Cliente 00304,2025-11-11,,,,Recorrente,Ativo
305,Cliente 00305,2024-06-09,,,,VIP,Inativo
306,Cliente 00306,2025-08-02,,,,Recorrente,Ativo
307,Cliente 00307,2025-02-01,,,,Recorrente,Ativo
308,Cliente 00308,2024-10-03,,,,Novo,Ativo
309,Cliente 00309,2025-05-18,,,,Novo,Inativo
310,Cliente 00310,2025-01-26,,,,Novo,Ativo
311,Cliente 00311,2024-05-14,,,,Recorrente,Ativo
312,Cliente 00312,2024-07-13,,,,VIP,Ativo
313,Cliente 00313,2025-02-04,,,,Recorrente,Ativo
314,Cliente 00314,2025-10-01,,,,Novo,Ativo
315,Cliente 00315,2024-02-02,,,,Novo,Ativo
316,Cliente 00316,2025-11-18,,,,Recorrente,Ativo
317,Cliente 00317,2025-04-04,,,,Novo,Ativo
318,Cliente 00318,2025-04-14,,,,Recorrente,Ativo
319,Cliente 00319,2025-01-09,,,,Recorrente,Ativo
320,Cliente 00320,2024-01-22,,,,Recorrente,Ativo
321,Cliente 00321,2025-10-31,,,,Novo,Ativo
322,Cliente 00322,2024-02-07,,,,Novo,Ativo
323,Cliente 00323,2024-08-17,,,,Novo,Ativo
324,Cliente 00324,2024-12-30,,,,Novo,Ativo
325,Cliente 00325,2025-07-16,,,,Novo,Ativo
326,Cliente 00326,2025-03-13,,,,Recorrente,Ativo
327,Cliente 00327,2024-10-09,,,,Recorrente,Ativo
328,Cliente 00328,2024-01-27,,,,Novo,Ativo
329,Cliente 00329,2024-08-13,,,,Novo,Ativo
330,Cliente 00330,2024-10-03,,,,Novo,Ativo
331,Cliente 00331,2025-08-31,,,,Novo,Ativo
332,Cliente 00332,2024-10-10,,,,Recorrente,Ativo
333,Cliente 00333,2025-04-25,,,,Novo,Inativo
334,Cliente 00334,2025-03-28,,,,Novo,Ativo
335,Cliente 00335,2025-10-20,,,,Novo,Ativo
336,Cliente 00336,2025-05-30,,,,Recorrente,Ativo
337,Cliente 00337,2025-06-30,,,,Recorrente,Ativo
338,Cliente 00338,2024-07-10,,,,Novo,Ativo
339,Cliente 00339,2024-02-18,,,,Novo,Ativo
340,Cliente 00340,2025-05-26,,,,Recorrente,Ativo
341,Cliente 00341,2024-01-17,,,,VIP,Ativo
342,Cliente 00342,2024-06-20,,,,Novo,Ativo
343,Cliente 00343,2024-08-07,,,,Recorrente,Ativo
344,Cliente 00344,2024-06-06,,,,VIP,Ativo
345,Cliente 00345,2025-04-21,,,,VIP,Ativo
346,Cliente 00346,2024-02-15,,,,Recorrente,Ativo
347,Cliente 00347,2025-01-07,,,,Recorrente,Ativo
348,Cliente 00348,2025-06-01,,,,Novo,Ativo
349,Cliente 00349,2024-04-08,,,,Recorrente,Ativo
350,Cliente 00350,2024-02-06,,,,Novo,Ativo
351,Cliente 00351,2024-10-06,,,,Recorrente,Inativo
352,Cliente 00352,2024-12-14,,,,Novo,Ativo
353,Cliente 00353,2025-05-11,,,,Recorrente,Ativo
354,Cliente 00354,2024-10-28,,,,Recorrente,Ativo
355,Cliente 00355,2024-06-29,,,,Novo,Ativo
356,Cliente 00356,2025-08-29,,,,Recorrente,Ativo
357,Cliente 00357,2024-04-08,,,,Novo,Ativo
358,Cliente 00358,2025-11-30,,,,Recorrente,Inativo
359,Cliente 00359,2024-04-25,,,,Novo,Ativo
360,Cliente 00360,2024-07-09,,,,Novo,Ativo
361,Cliente 00361,2024-09-09,,,,VIP,Ativo
362,Cliente 00362,2024-06-09,,,,Novo,Ativo
363,Cliente 00363,2024-09-12,,,,Recorrente,Ativo
364,Cliente 00364,2024-11-18,,,,Novo,Ativo
365,Cliente 00365,2024-05-07,,,,Novo,Ativo
366,Cliente 00366,2024-01-18,,,,Novo,Ativo
367,Cliente 00367,2025-07-19,,,,Recorrente,Ativo
368,Cliente 00368,2025-07-23,,,,Novo,Inativo
369,Cliente 00369,2024-11-18,,,,Novo,Ativo
370,Cliente 00370,2025-11-16,,,,Novo,Ativo
371,Cliente 00371,2025-09-17,,,,Novo,Ativo
372,Cliente 00372,2024-10-14,,,,VIP,Ativo
373,Cliente 00373,2025-10-24,,,,VIP,Ativo
374,Cliente 00374,2025-09-30,,,,Novo,Ativo
375,Cliente 00375,2024-06-03,,,,Recorrente,Ativo
376,Cliente 00376,2025-05-04,,,,Novo,Ativo
377,Cliente 00377,2025-01-20,,,,Recorrente,Ativo
378,Cliente 00378,2024-04-13,,,,Recorrente,Ativo
379,Cliente 00379,2025-01-27,,,,VIP,Ativo
380,Cliente 00380,2024-09-02,,,,Novo,Ativo
381,Cliente 00381,2024-06-24,,,,Recorrente,Ativo
382,Cliente 00382,2024-02-08,,,,Novo,Ativo
383,Cliente 00383,2025-04-21,,,,VIP,Ativo
384,Cliente 00384,2025-11-12,,,,Novo,Ativo
385,Cliente 00385,2025-06-21,,,,Recorrente,Ativo
386,Cliente 00386,2025-02-11,,,,Recorrente,Ativo
387,Cliente 00387,2025-06-08,,,,Recorrente,Ativo
388,Cliente 00388,2025-05-20,,,,Novo,Inativo
389,Cliente 00389,2024-02-05,,,,VIP,Ativo
390,Cliente 00390,2025-11-15,,,,Novo,Ativo
391,Cliente 00391,2024-01-20,,,,Recorrente,Ativo
392,Cliente 00392,2024-11-16,,,,Novo,Ativo
393,Cliente 00393,2025-05-26,,,,Novo,Ativo
394,Cliente 00394,2025-02-03,,,,Novo,Ativo
395,Cliente 00395,2025-10-15,,,,Novo,Ativo
396,Cliente 00396,2025-04-15,,,,Novo,Ativo
397,Cliente 00397,2024-05-22,,,,Novo,Ativo
398,Cliente 00398,2024-04-01,,,,Novo,Ativo
399,Cliente 00399,2024-12-19,,,,Recorrente,Ativo
400,Cliente 00400,2025-12-27,,,,Recorrente,Ativo
401,Cliente 00401,2024-02-20,,,,Novo,Ativo
402,Cliente 00402,2025-10-26,,,,Novo,Inativo
403,Cliente 00403,2025-11-28,,,,Novo,Ativo
404,Cliente 00404,2025-07-28,,,,Novo,Ativo
405,Cliente 00405,2024-07-08,,,,Recorrente,Ativo
406,Cliente 00406,2024-05-04,,,,Recorrente,Inativo
407,Cliente 00407,2024-05-29,,,,Novo,Ativo
408,Cliente 00408,2024-11-09,,,,Novo,Ativo
409,Cliente 00409,2025-07-23,,,,Novo,Ativo
410,Cliente 00410,2024-12-07,,,,Recorrente,Ativo
411,Cliente 00411,2024-10-31,,,,VIP,Ativo
412,Cliente 00412,2025-11-22,,,,Novo,Ativo
413,Cliente 00413,2025-11-12,,,,Novo,Ativo
414,Cliente 00414,2024-02-23,,,,Recorrente,Ativo
415,Cliente 00415,2025-03-19,,,,VIP,Ativo
416,Cliente 00416,2025-09-04,,,,Novo,Ativo
417,Cliente 00417,2024-09-20,,,,Novo,Ativo
418,Cliente 00418,2024-02-22,,,,Novo,Ativo
419,Cliente 00419,2025-07-25,,,,Recorrente,Ativo
420,Cliente 00420,2025-09-11,,,,Novo,Ativo
421,Cliente 00421,2024-01-05,,,,Novo,Ativo
422,Cliente 00422,2024-04-12,,,,Recorrente,Ativo
423,Cliente 00423,2024-07-14,,,,Novo,Ativo
424,Cliente 00424,2024-12-15,,,,Recorrente,Ativo
425,Cliente 00425,2024-02-16,,,,Novo,Ativo
426,Cliente 00426,2025-10-17,,,,Novo,Ativo
427,Cliente 00427,2024-09-25,,,,Recorrente,Ativo
428,Cliente 00428,2025-01-04,,,,Novo,Ativo
429,Cliente 00429,2025-09-27,,,,VIP,Ativo
430,Cliente 00430,2024-04-15,,,,Novo,Ativo
431,Cliente 00431,2025-10-31,,,,Novo,Ativo
432,Cliente 00432,2025-10-20,,,,Recorrente,Ativo
433,Cliente 00433,2025-10-18,,,,Novo,Ativo
434,Cliente 00434,2024-04-29,,,,VIP,Ativo
435,Cliente 00435,2025-08-26,,,,Novo,Ativo
436,Cliente 00436,2024-02-27,,,,Novo,Ativo
437,Cliente 00437,2024-12-11,,,,Novo,Ativo
438,Cliente 00438,2025-04-18,,,,Novo,Ativo
439,Cliente 00439,2024-04-26,,,,Recorrente,Ativo
440,Cliente 00440,2024-05-06,,,,Recorrente,Ativo
441,Cliente 00441,2025-01-27,,,,Novo,Ativo
442,Cliente 00442,2025-10-02,,,,Novo,Ativo
443,Cliente 00443,2024-02-27,,,,Recorrente,Ativo
444,Cliente 00444,2025-09-25,,,,VIP,Ativo
445,Cliente 00445,2025-05-27,,,,Novo,Ativo
446,Cliente 00446,2024-04-05,,,,Novo,Inativo
447,Cliente 00447,2025-09-29,,,,Novo,Ativo
448,Cliente 00448,2024-04-27,,,,Recorrente,Ativo
449,Cliente 00449,2025-07-13,,,,Novo,Ativo
450,Cliente 00450,2025-08-23,,,,Novo,Ativo
451,Cliente 00451,2025-05-02,,,,Recorrente,Ativo
452,Cliente 00452,2024-08-24,,,,Novo,Ativo
453,Cliente 00453,2024-09-28,,,,Novo,Ativo
454,Cliente 00454,2024-07-07,,,,Novo,Ativo
455,Cliente 00455,2025-12-04,,,,Novo,Ativo
456,Cliente 00456,2025-03-22,,,,Novo,Inativo
457,Cliente 00457,2025-08-03,,,,Novo,Ativo
458,Cliente 00458,2024-09-03,,,,Novo,Inativo
459,Cliente 00459,2024-03-16,,,,Recorrente,Ativo
460,Cliente 00460,2024-06-02,,,,Recorrente,Ativo
461,Cliente 00461,2025-10-17,,,,Recorrente,Ativo
462,Cliente 00462,2025-03-10,,,,Novo,Ativo
463,Cliente 00463,2024-03-26,,,,Novo,Ativo
464,Cliente 00464,2025-11-27,,,,Novo,Ativo
465,Cliente 00465,2024-10-11,,,,Novo,Ativo
466,Cliente 00466,2024-08-07,,,,Novo,Ativo
467,Cliente 00467,2024-03-09,,,,Recorrente,Ativo
468,Cliente 00468,2024-02-16,,,,Novo,Ativo
469,Cliente 00469,2024-04-03,,,,Novo,Ativo
470,Cliente 00470,2025-03-28,,,,Novo,Ativo
471,Cliente 00471,2024-07-22,,,,Recorrente,Ativo
472,Cliente 00472,2024-08-05,,,,Novo,Ativo
473,Cliente 00473,2025-04-18,,,,Recorrente,Ativo
474,Cliente 00474,2025-03-07,,,,Novo,Ativo
475,Cliente 00475,2024-12-06,,,,Recorrente,Ativo
476,Cliente 00476,2025-07-04,,,,Recorrente,Ativo
477,Cliente 00477,2025-09-03,,,,Novo,Ativo
478,Cliente 00478,2024-10-15,,,,Novo,Ativo
479,Cliente 00479,2024-09-10,,,,Novo,Ativo
480,Cliente 00480,2024-12-22,,,,Novo,Ativo
481,Cliente 00481,2024-01-23,,,,Recorrente,Ativo
482,Cliente 00482,2025-06-05,,,,Recorrente,Ativo
483,Cliente 00483,2024-04-09,,,,Recorrente,Ativo
484,Cliente 00484,2024-06-28,,,,Recorrente,Ativo
485,Cliente 00485,2024-08-10,,,,Novo,Ativo
486,Cliente 00486,2025-10-20,,,,Novo,Ativo
487,Cliente 00487,2025-03-17,,,,Recorrente,Inativo
488,Cliente 00488,2025-08-30,,,,Novo,Ativo
489,Cliente 00489,2024-11-20,,,,Recorrente,Ativo
490,Cliente 00490,2025-05-30,,,,Novo,Ativo
491,Cliente 00491,2024-01-16,,,,Novo,Ativo
492,Cliente 00492,2024-12-01,,,,VIP,Ativo
493,Cliente 00493,2024-09-14,,,,Novo,Ativo
494,Cliente 00494,2025-05-11,,,,VIP,Ativo
495,Cliente 00495,2024-06-08,,,,VIP,Ativo
496,Cliente 00496,2025-04-19,,,,Recorrente,Ativo
497,Cliente 00497,2025-10-25,,,,Recorrente,Ativo
498,Cliente 00498,2025-11-20,,,,Recorrente,Ativo
499,Cliente 00499,2025-11-05,,,,Recorrente,Ativo
500,Cliente 00500,2025-01-14,,,,Novo,Ativo
501,Cliente 00501,2025-06-28,,,,Novo,Inativo
502,Cliente 00502,2025-11-21,,,,Recorrente,Ativo
503,Cliente 00503,2025-03-02,,,,Novo,Ativo
504,Cliente 00504,2025-09-04,,,,Novo,Ativo
505,Cliente 00505,2024-09-24,,,,Novo,Ativo
506,Cliente 00506,2025-07-30,,,,Recorrente,Ativo
507,Cliente 00507,2025-02-20,,,,Recorrente,Inativo
508,Cliente 00508,2024-06-16,,,,Novo,Ativo
509,Cliente 00509,2024-02-12,,,,VIP,Ativo
510,Cliente 00510,2025-07-09,,,,Recorrente,Ativo
511,Cliente 00511,2024-10-11,,,,Recorrente,Ativo
512,Cliente 00512,2025-01-31,,,,Recorrente,Ativo
513,Cliente 00513,2024-01-12,,,,Recorrente,Ativo
514,Cliente 00514,2025-08-29,,,,Novo,Inativo
515,Cliente 00515,2024-10-28,,,,Recorrente,Ativo
516,Cliente 00516,2024-09-09,,,,Novo,Ativo
517,Cliente 00517,2025-05-13,,,,Recorrente,Ativo
518,Cliente 00518,2024-02-04,,,,VIP,Ativo
519,Cliente 00519,2025-12-27,,,,Novo,Inativo
520,Cliente 00520,2024-03-30,,,,Novo,Ativo
521,Cliente 00521,2025-08-27,,,,Recorrente,Ativo
522,Cliente 00522,2025-08-24,,,,Novo,Ativo
523,Cliente 00523,2025-02-21,,,,Recorrente,Ativo
524,Cliente 00524,2024-04-24,,,,Novo,Ativo
525,Cliente 00525,2025-09-08,,,,Novo,Ativo
526,Cliente 00526,2024-07-14,,,,VIP,Ativo
527,Cliente 00527,2025-05-15,,,,Recorrente,Ativo
528,Cliente 00528,2025-09-17,,,,Recorrente,Ativo
529,Cliente 00529,2025-05-07,,,,Novo,Ativo
530,Cliente 00530,2024-03-15,,,,Recorrente,Ativo
531,Cliente 00531,2025-02-16,,,,Recorrente,Ativo
532,Cliente 00532,2025-01-10,,,,Recorrente,Ativo
533,Cliente 00533,2025-02-23,,,,Recorrente,Ativo
534,Cliente 00534,2025-12-29,,,,Recorrente,Ativo
535,Cliente 00535,2024-10-03,,,,Novo,Ativo
536,Cliente 00536,2025-11-06,,,,Novo,Ativo
537,Cliente 00537,2025-01-28,,,,Recorrente,Ativo
538,Cliente 00538,2025-04-01,,,,Novo,Ativo
539,Cliente 00539,2024-07-10,,,,Recorrente,Ativo
540,Cliente 00540,2025-11-19,,,,Novo,Ativo
541,Cliente 00541,2024-04-08,,,,Recorrente,Ativo
542,Cliente 00542,2025-07-01,,,,Recorrente,Ativo
543,Cliente 00543,2024-04-05,,,,Novo,Ativo
544,Cliente 00544,2025-10-25,,,,Novo,Ativo
545,Cliente 00545,2025-10-24,,,,Novo,Ativo
546,Cliente 00546,2024-07-08,,,,Recorrente,Inativo
547,Cliente 00547,2024-02-06,,,,Recorrente,Ativo
548,Cliente 00548,2025-01-03,,,,Novo,Ativo
549,Cliente 00549,2025-11-25,,,,Recorrente,Ativo
550,Cliente 00550,2025-06-08,,,,Novo,Ativo
551,Cliente 00551,2024-10-05,,,,Novo,Ativo
552,Cliente 00552,2024-08-04,,,,VIP,Ativo
553,Cliente 00553,2024-09-29,,,,Novo,Ativo
554,Cliente 00554,2024-03-02,,,,Novo,Ativo
555,Cliente 00555,2025-08-18,,,,Novo,Ativo
556,Cliente 00556,2025-12-29,,,,Novo,Ativo
557,Cliente 00557,2024-12-07,,,,Novo,Inativo
558,Cliente 00558,2025-01-31,,,,Novo,Ativo
559,Cliente 00559,2025-11-29,,,,Recorrente,Ativo
560,Cliente 00560,2024-01-19,,,,Novo,Ativo
561,Cliente 00561,2024-06-25,,,,Novo,Ativo
562,Cliente 00562,2025-09-03,,,,Novo,Ativo
563,Cliente 00563,2025-01-30,,,,Novo,Ativo
564,Cliente 00564,2025-03-20,,,,Recorrente,Ativo
565,Cliente 00565,2024-08-20,,,,VIP,Ativo
566,Cliente 00566,2024-03-16,,,,Novo,Ativo
567,Cliente 00567,2024-09-21,,,,Recorrente,Ativo
568,Cliente 00568,2025-03-30,,,,Recorrente,Ativo
569,Cliente 00569,2025-12-18,,,,Recorrente,Inativo
570,Cliente 00570,2025-01-18,,,,Novo,Ativo
571,Cliente 00571,2025-07-17,,,,Novo,Ativo
572,Cliente 00572,2025-05-20,,,,Novo,Ativo
573,Cliente 00573,2025-01-01,,,,Recorrente,Ativo
574,Cliente 00574,2024-05-23,,,,Novo,Ativo
575,Cliente 00575,2024-03-09,,,,VIP,Ativo
576,Cliente 00576,2024-04-08,,,,Novo,Inativo
577,Cliente 00577,2025-01-30,,,,Novo,Inativo
578,Cliente 00578,2024-01-25,,,,Recorrente,Ativo
579,Cliente 00579,2025-04-13,,,,Novo,Ativo
580,Cliente 00580,2025-04-28,,,,Novo,Ativo
581,Cliente 00581,2025-07-18,,,,Recorrente,Ativo
582,Cliente 00582,2024-05-30,,,,VIP,Ativo
583,Cliente 00583,2024-05-23,,,,Recorrente,Ativo
584,Cliente 00584,2025-07-22,,,,Recorrente,Inativo
585,Cliente 00585,2024-02-08,,,,Recorrente,Ativo
586,Cliente 00586,2024-04-18,,,,VIP,Ativo
587,Cliente 00587,2025-11-23,,,,Novo,Ativo
588,Cliente 00588,2024-02-11,,,,Novo,Inativo
589,Cliente 00589,2024-07-04,,,,Novo,Ativo
590,Cliente 00590,2025-02-01,,,,Novo,Ativo
591,Cliente 00591,2024-08-10,,,,Recorrente,Ativo
592,Cliente 00592,2025-09-25,,,,Recorrente,Ativo
593,Cliente 00593,2024-05-12,,,,Recorrente,Ativo
594,Cliente 00594,2024-06-11,,,,Novo,Ativo
595,Cliente 00595,2024-08-02,,,,Recorrente,Ativo
596,Cliente 00596,2024-08-22,,,,Novo,Ativo
597,Cliente 00597,2025-10-19,,,,Recorrente,Ativo
598,Cliente 00598,2025-08-10,,,,Recorrente,Ativo
599,Cliente 00599,2024-01-09,,,,Novo,Ativo
600,Cliente 00600,2024-03-14,,,,Novo,Ativo
601,Cliente 00601,2025-05-06,,,,Novo,Inativo
602,Cliente 00602,2024-09-09,,,,Recorrente,Ativo
603,Cliente 00603,2024-08-17,,,,VIP,Ativo
604,Cliente 00604,2025-06-02,,,,Recorrente,Ativo
605,Cliente 00605,2024-06-22,,,,Novo,Ativo
606,Cliente 00606,2025-10-14,,,,Novo,Ativo
607,Cliente 00607,2024-06-16,,,,Recorrente,Ativo
608,Cliente 00608,2024-06-18,,,,Recorrente,Ativo
609,Cliente 00609,2025-01-27,,,,Novo,Ativo
610,Cliente 00610,2025-09-25,,,,Novo,Ativo
611,Cliente 00611,2024-07-12,,,,Recorrente,Ativo
612,Cliente 00612,2025-05-31,,,,Novo,Ativo
613,Cliente 00613,2024-01-29,,,,Novo,Ativo
614,Cliente 00614,2024-06-13,,,,Novo,Ativo
615,Cliente 00615,2025-02-25,,,,Novo,Inativo
616,Cliente 00616,2024-12-04,,,,Recorrente,Ativo
617,Cliente 00617,2025-10-09,,,,VIP,Ativo
618,Cliente 00618,2025-05-10,,,,Recorrente,Ativo
619,Cliente 00619,2024-12-30,,,,Novo,Ativo
620,Cliente 00620,2024-12-07,,,,Novo,Ativo
621,Cliente 00621,2025-05-14,,,,Novo,Ativo
622,Cliente 00622,2025-10-18,,,,Novo,Ativo
623,Cliente 00623,2025-05-25,,,,Recorrente,Inativo
624,Cliente 00624,2024-11-22,,,,Novo,Ativo
625,Cliente 00625,2024-08-04,,,,Novo,Ativo
626,Cliente 00626,2024-10-27,,,,Novo,Ativo
627,Cliente 00627,2024-05-11,,,,Novo,Ativo
628,Cliente 00628,2024-03-10,,,,Novo,Ativo
629,Cliente 00629,2024-09-08,,,,Novo,Ativo
630,Cliente 00630,2025-02-18,,,,VIP,Ativo
631,Cliente 00631,2025-03-20,,,,Novo,Ativo
632,Cliente 00632,2024-06-30,,,,Novo,Ativo
633,Cliente 00633,2024-06-15,,,,Recorrente,Ativo
634,Cliente 00634,2024-03-31,,,,VIP,Ativo
635,Cliente 00635,2025-12-14,,,,Recorrente,Ativo
636,Cliente 00636,2025-06-14,,,,Recorrente,Ativo
637,Cliente 00637,2024-02-08,,,,Novo,Ativo
638,Cliente 00638,2024-05-05,,,,Novo,Ativo
639,Cliente 00639,2025-03-26,,,,Novo,Ativo
640,Cliente 00640,2024-06-21,,,,Recorrente,Ativo
641,Cliente 00641,2025-10-14,,,,Recorrente,Ativo
642,Cliente 00642,2024-08-07,,,,Novo,Ativo
643,Cliente 00643,2025-09-29,,,,Novo,Ativo
644,Cliente 00644,2024-02-27,,,,Recorrente,Ativo
645,Cliente 00645,2025-10-21,,,,Novo,Ativo
646,Cliente 00646,2025-04-20,,,,Recorrente,Ativo
647,Cliente 00647,2025-03-31,,,,Recorrente,Inativo
648,Cliente 00648,2024-12-26,,,,Recorrente,Ativo
649,Cliente 00649,2024-01-01,,,,Recorrente,Ativo
650,Cliente 00650,2025-01-21,,,,Recorrente,Ativo
651,Cliente 00651,2024-12-13,,,,Novo,Inativo
652,Cliente 00652,2024-07-08,,,,Recorrente,Ativo
653,Cliente 00653,2025-05-19,,,,Recorrente,Ativo
654,Cliente 00654,2024-07-09,,,,Novo,Ativo
655,Cliente 00655,2025-05-22,,,,Novo,Ativo
656,Cliente 00656,2025-01-03,,,,Novo,Inativo
657,Cliente 00657,2025-02-12,,,,Novo,Ativo
658,Cliente 00658,2024-04-26,,,,Recorrente,Ativo
659,Cliente 00659,2024-05-13,,,,Recorrente,Inativo
660,Cliente 00660,2024-02-27,,,,Novo,Ativo
661,Cliente 00661,2025-07-09,,,,Novo,Ativo
662,Cliente 00662,2025-11-15,,,,VIP,Ativo
663,Cliente 00663,2025-11-02,,,,Novo,Inativo
664,Cliente 00664,2024-06-21,,,,Novo,Ativo
665,Cliente 00665,2024-05-28,,,,Recorrente,Ativo
666,Cliente 00666,2024-03-20,,,,Novo,Ativo
667,Cliente 00667,2024-07-31,,,,Novo,Ativo
668,Cliente 00668,2024-07-21,,,,Novo,Ativo
669,Cliente 00669,2024-08-16,,,,Novo,Ativo
670,Cliente 00670,2025-11-06,,,,Recorrente,Inativo
671,Cliente 00671,2024-08-14,,,,Novo,Ativo
672,Cliente 00672,2025-10-20,,,,Novo,Ativo
673,Cliente 00673,2025-06-15,,,,Recorrente,Ativo
674,Cliente 00674,2025-03-16,,,,Recorrente,Ativo
675,Cliente 00675,2025-02-05,,,,Novo,Ativo
676,Cliente 00676,2024-02-16,,,,Novo,Ativo
677,Cliente 00677,2024-08-20,,,,Recorrente,Ativo
678,Cliente 00678,2024-10-31,,,,Novo,Ativo
679,Cliente 00679,2025-06-09,,,,Novo,Ativo
680,Cliente 00680,2024-05-22,,,,Recorrente,Ativo
681,Cliente 00681,2025-02-18,,,,Recorrente,Ativo
682,Cliente 00682,2025-05-27,,,,Recorrente,Ativo
683,Cliente 00683,2025-01-07,,,,Recorrente,Ativo
684,Cliente 00684,2025-07-19,,,,Recorrente,Inativo
685,Cliente 00685,2024-09-15,,,,Novo,Ativo
686,Cliente 00686,2025-10-17,,,,Recorrente,Ativo
687,Cliente 00687,2025-04-15,,,,Novo,Ativo
688,Cliente 00688,2024-01-12,,,,Novo,Ativo
689,Cliente 00689,2024-11-25,,,,Recorrente,Ativo
690,Cliente 00690,2024-12-23,,,,Recorrente,Ativo
691,Cliente 00691,2025-02-11,,,,Novo,Inativo
692,Cliente 00692,2025-10-29,,,,VIP,Ativo
693,Cliente 00693,2025-01-07,,,,Novo,Ativo
694,Cliente 00694,2024-01-08,,,,Novo,Ativo
695,Cliente 00695,2024-05-01,,,,Novo,Ativo
696,Cliente 00696,2024-12-13,,,,Recorrente,Ativo
697,Cliente 00697,2025-11-06,,,,Recorrente,Ativo
698,Cliente 00698,2024-03-30,,,,Novo,Ativo
699,Cliente 00699,2025-10-09,,,,Recorrente,Ativo
700,Cliente 00700,2025-11-28,,,,Novo,Ativo
701,Cliente 00701,2024-11-11,,,,Recorrente,Ativo
702,Cliente 00702,2024-06-26,,,,Novo,Ativo
703,Cliente 00703,2025-06-23,,,,Novo,Ativo
704,Cliente 00704,2024-02-10,,,,VIP,Ativo
705,Cliente 00705,2025-12-04,,,,Novo,Ativo
706,Cliente 00706,2025-05-16,,,,Novo,Ativo
707,Cliente 00707,2024-05-24,,,,Recorrente,Ativo
708,Cliente 00708,2024-07-19,,,,VIP,Ativo
709,Cliente 00709,2025-12-24,,,,Novo,Ativo
710,Cliente 00710,2025-04-05,,,,Novo,Ativo
711,Cliente 00711,2025-07-11,,,,Novo,Ativo
712,Cliente 00712,2025-06-30,,,,Novo,Ativo
713,Cliente 00713,2024-09-09,,,,Novo,Ativo
714,Cliente 00714,2025-01-24,,,,Recorrente,Ativo
715,Cliente 00715,2025-08-16,,,,VIP,Ativo
716,Cliente 00716,2024-09-12,,,,Novo,Ativo
717,Cliente 00717,2025-12-09,,,,Novo,Ativo
718,Cliente 00718,2025-03-25,,,,Novo,Ativo
719,Cliente 00719,2024-01-10,,,,Novo,Ativo
720,Cliente 00720,2024-08-29,,,,Recorrente,Ativo
721,Cliente 00721,2024-09-07,,,,Novo,Ativo
722,Cliente 00722,2024-01-05,,,,Novo,Ativo
723,Cliente 00723,2024-04-28,,,,Recorrente,Ativo
724,Cliente 00724,2025-01-08,,,,Novo,Ativo
725,Cliente 00725,2024-03-05,,,,Recorrente,Ativo
726,Cliente 00726,2024-05-25,,,,Novo,Ativo
727,Cliente 00727,2024-08-11,,,,Recorrente,Ativo
728,Cliente 00728,2024-08-26,,,,VIP,Ativo
729,Cliente 00729,2024-06-25,,,,Recorrente,Ativo
730,Cliente 00730,2024-10-08,,,,VIP,Ativo
731,Cliente 00731,2024-03-03,,,,Novo,Ativo
732,Cliente 00732,2024-08-04,,,,Novo,Ativo
733,Cliente 00733,2025-11-19,,,,Recorrente,Ativo
734,Cliente 00734,2025-04-05,,,,Recorrente,Ativo
735,Cliente 00735,2025-09-01,,,,Novo,Ativo
736,Cliente 00736,2024-04-14,,,,Novo,Ativo
737,Cliente 00737,2024-04-08,,,,Novo,Ativo
738,Cliente 00738,2025-05-25,,,,Novo,Ativo
739,Cliente 00739,2025-01-19,,,,Novo,Ativo
740,Cliente 00740,2025-02-08,,,,Recorrente,Inativo
741,Cliente 00741,2025-06-01,,,,Novo,Ativo
742,Cliente 00742,2025-04-20,,,,Novo,Ativo
743,Cliente 00743,2025-12-09,,,,Recorrente,Ativo
744,Cliente 00744,2025-10-06,,,,Recorrente,Ativo
745,Cliente 00745,2025-03-12,,,,Recorrente,Ativo
746,Cliente 00746,2024-01-23,,,,Recorrente,Ativo
747,Cliente 00747,2025-07-18,,,,Novo,Ativo
748,Cliente 00748,2025-11-07,,,,Recorrente,Ativo
749,Cliente 00749,2025-12-14,,,,Novo,Ativo
750,Cliente 00750,2025-04-02,,,,Novo,Ativo
751,Cliente 00751,2024-03-23,,,,Recorrente,Ativo
752,Cliente 00752,2024-05-24,,,,VIP,Ativo
753,Cliente 00753,2024-03-25,,,,Novo,Inativo
754,Cliente 00754,2024-03-18,,,,Novo,Ativo
755,Cliente 00755,2025-04-01,,,,Novo,Ativo
756,Cliente 00756,2024-01-01,,,,Novo,Ativo
757,Cliente 00757,2024-02-20,,,,Novo,Inativo
758,Cliente 00758,2025-11-15,,,,Recorrente,Ativo
759,Cliente 00759,2025-12-17,,,,Novo,Ativo
760,Cliente 00760,2025-03-21,,,,VIP,Ativo
761,Cliente 00761,2025-03-24,,,,Recorrente,Ativo
762,Cliente 00762,2025-05-02,,,,Recorrente,Ativo
763,Cliente 00763,2024-02-03,,,,Recorrente,Ativo
764,Cliente 00764,2024-12-13,,,,Novo,Ativo
765,Cliente 00765,2024-04-04,,,,Novo,Ativo
766,Cliente 00766,2024-03-12,,,,Recorrente,Ativo
767,Cliente 00767,2025-07-04,,,,Recorrente,Ativo
768,Cliente 00768,2024-06-02,,,,Recorrente,Ativo
769,Cliente 00769,2024-09-06,,,,Novo,Ativo
770,Cliente 00770,2025-11-04,,,,VIP,Ativo
771,Cliente 00771,2025-03-13,,,,Novo,Ativo
772,Cliente 00772,2024-04-27,,,,Recorrente,Ativo
773,Cliente 00773,2024-11-01,,,,VIP,Ativo
774,Cliente 00774,2024-09-24,,,,Novo,Ativo
775,Cliente 00775,2024-02-23,,,,Recorrente,Ativo
776,Cliente 00776,2024-08-23,,,,Novo,Ativo
777,Cliente 00777,2025-01-23,,,,Novo,Ativo
778,Cliente 00778,2025-02-04,,,,Novo,Ativo
779,Cliente 00779,2025-09-15,,,,Recorrente,Ativo
780,Cliente 00780,2024-10-29,,,,VIP,Ativo
781,Cliente 00781,2024-07-25,,,,Recorrente,Ativo
782,Cliente 00782,2024-08-16,,,,Novo,Ativo
783,Cliente 00783,2025-07-31,,,,Recorrente,Ativo
784,Cliente 00784,2024-03-15,,,,VIP,Inativo
785,Cliente 00785,2025-03-10,,,,Novo,Ativo
786,Cliente 00786,2024-04-12,,,,VIP,Ativo
787,Cliente 00787,2025-02-25,,,,Novo,Ativo
788,Cliente 00788,2025-12-04,,,,Recorrente,Ativo
789,Cliente 00789,2024-11-01,,,,Novo,Ativo
790,Cliente 00790,2024-04-07,,,,Novo,Ativo
791,Cliente 00791,2024-11-30,,,,Novo,Ativo
792,Cliente 00792,2025-03-10,,,,Recorrente,Ativo
793,Cliente 00793,2025-03-22,,,,Novo,Ativo
794,Cliente 00794,2024-11-03,,,,Novo,Ativo
795,Cliente 00795,2024-09-05,,,,Recorrente,Ativo
796,Cliente 00796,2024-06-14,,,,VIP,Inativo
797,Cliente 00797,2025-04-25,,,,Novo,Ativo
798,Cliente 00798,2024-11-30,,,,Novo,Ativo
799,Cliente 00799,2025-06-25,,,,Novo,Ativo
800,Cliente 00800,2024-04-15,,,,Novo,Ativo
801,Cliente 00801,2025-07-16,,,,Recorrente,Ativo
802,Cliente 00802,2024-03-21,,,,Recorrente,Ativo
803,Cliente 00803,2024-05-12,,,,Recorrente,Ativo
804,Cliente 00804,2024-05-17,,,,Novo,Inativo
805,Cliente 00805,2024-07-02,,,,Recorrente,Ativo
806,Cliente 00806,2025-02-04,,,,Recorrente,Ativo
807,Cliente 00807,2024-11-25,,,,Recorrente,Ativo
808,Cliente 00808,2025-05-22,,,,Recorrente,Ativo
809,Cliente 00809,2024-03-09,,,,Recorrente,Ativo
810,Cliente 00810,2025-06-29,,,,Recorrente,Ativo
811,Cliente 00811,2024-02-22,,,,Novo,Ativo
812,Cliente 00812,2025-03-25,,,,VIP,Ativo
813,Cliente 00813,2024-07-23,,,,Novo,Ativo
814,Cliente 00814,2024-05-05,,,,Recorrente,Ativo
815,Cliente 00815,2024-02-12,,,,Novo,Ativo
816,Cliente 00816,2024-04-20,,,,Recorrente,Ativo
817,Cliente 00817,2025-10-24,,,,Recorrente,Ativo
818,Cliente 00818,2024-07-01,,,,Novo,Ativo
819,Cliente 00819,2024-04-04,,,,Novo,Ativo
820,Cliente 00820,2025-01-08,,,,Recorrente,Ativo
821,Cliente 00821,2025-06-03,,,,Recorrente,Ativo
822,Cliente 00822,2024-12-25,,,,Novo,Ativo
823,Cliente 00823,2025-11-26,,,,Novo,Ativo
824,Cliente 00824,2024-10-07,,,,Recorrente,Ativo
825,Cliente 00825,2024-07-13,,,,Novo,Ativo
826,Cliente 00826,2024-07-13,,,,Novo,Ativo
827,Cliente 00827,2025-10-28,,,,Novo,Ativo
828,Cliente 00828,2024-04-02,,,,Novo,Ativo
829,Cliente 00829,2025-11-02,,,,Novo,Ativo
830,Cliente 00830,2024-03-01,,,,Novo,Ativo
831,Cliente 00831,2025-09-25,,,,Novo,Ativo
832,Cliente 00832,2024-02-20,,,,Novo,Ativo
833,Cliente 00833,2025-02-06,,,,Novo,Ativo
834,Cliente 00834,2024-01-05,,,,Novo,Ativo
835,Cliente 00835,2025-04-10,,,,Novo,Ativo
836,Cliente 00836,2025-08-26,,,,Recorrente,Ativo
837,Cliente 00837,2025-11-12,,,,Novo,Ativo
838,Cliente 00838,2025-06-17,,,,Novo,Ativo
839,Cliente 00839,2025-02-08,,,,Novo,Ativo
840,Cliente 00840,2025-05-27,,,,Novo,Ativo
841,Cliente 00841,2025-10-06,,,,Recorrente,Ativo
842,Cliente 00842,2024-08-20,,,,Recorrente,Ativo
843,Cliente 00843,2025-06-07,,,,Recorrente,Ativo
844,Cliente 00844,2024-12-11,,,,Recorrente,Ativo
845,Cliente 00845,2024-02-15,,,,VIP,Ativo
846,Cliente 00846,2025-06-29,,,,Novo,Ativo
847,Cliente 00847,2024-03-18,,,,Novo,Ativo
848,Cliente 00848,2025-12-30,,,,Novo,Ativo
849,Cliente 00849,2024-03-13,,,,Novo,Inativo
850,Cliente 00850,2024-09-05,,,,Novo,Inativo
851,Cliente 00851,2024-02-16,,,,Recorrente,Ativo
852,Cliente 00852,2024-04-30,,,,Novo,Ativo
853,Cliente 00853,2024-08-01,,,,VIP,Ativo
854,Cliente 00854,2024-08-26,,,,Recorrente,Ativo
855,Cliente 00855,2024-02-25,,,,Novo,Ativo
856,Cliente 00856,2024-12-15,,,,Novo,Ativo
857,Cliente 00857,2024-04-16,,,,Novo,Ativo
858,Cliente 00858,2024-02-17,,,,Novo,Ativo
859,Cliente 00859,2025-07-26,,,,Novo,Ativo
860,Cliente 00860,2024-12-02,,,,Novo,Ativo
861,Cliente 00861,2024-01-26,,,,Novo,Ativo
862,Cliente 00862,2024-09-13,,,,Novo,Ativo
863,Cliente 00863,2024-01-08,,,,VIP,Ativo
864,Cliente 00864,2025-09-16,,,,Recorrente,Ativo
865,Cliente 00865,2024-09-09,,,,VIP,Ativo
866,Cliente 00866,2025-11-22,,,,Novo,Ativo
867,Cliente 00867,2025-12-19,,,,Novo,Ativo
868,Cliente 00868,2024-10-29,,,,Recorrente,Ativo
869,Cliente 00869,2025-09-30,,,,Novo,Ativo
870,Cliente 00870,2024-02-25,,,,Novo,Ativo
871,Cliente 00871,2025-12-26,,,,Recorrente,Ativo
872,Cliente 00872,2025-06-09,,,,Recorrente,Ativo
873,Cliente 00873,2025-04-18,,,,Novo,Ativo
874,Cliente 00874,2024-01-28,,,,Novo,Ativo
875,Cliente 00875,2024-03-18,,,,Novo,Ativo
876,Cliente 00876,2024-08-03,,,,Novo,Ativo
877,Cliente 00877,2025-01-20,,,,Novo,Ativo
878,Cliente 00878,2024-12-30,,,,Novo,Ativo
879,Cliente 00879,2025-10-27,,,,Novo,Inativo
880,Cliente 00880,2025-06-09,,,,VIP,Ativo
881,Cliente 00881,2025-11-29,,,,Recorrente,Ativo
882,Cliente 00882,2024-11-07,,,,Recorrente,Ativo
883,Cliente 00883,2024-01-07,,,,Novo,Inativo
884,Cliente 00884,2024-01-03,,,,Novo,Ativo
885,Cliente 00885,2025-09-14,,,,Novo,Ativo
886,Cliente 00886,2024-12-28,,,,Novo,Ativo
887,Cliente 00887,2025-05-22,,,,Novo,Ativo
888,Cliente 00888,2024-09-30,,,,Recorrente,Ativo
889,Cliente 00889,2025-05-20,,,,Recorrente,Ativo
890,Cliente 00890,2024-01-15,,,,Novo,Ativo
891,Cliente 00891,2024-07-10,,,,Novo,Ativo
892,Cliente 00892,2025-09-22,,,,VIP,Ativo
893,Cliente 00893,2025-04-29,,,,Novo,Ativo
894,Cliente 00894,2024-01-28,,,,Novo,Ativo
895,Cliente 00895,2025-12-14,,,,Novo,Ativo
896,Cliente 00896,2024-02-08,,,,Recorrente,Ativo
897,Cliente 00897,2024-09-29,,,,VIP,Ativo
898,Cliente 00898,2024-08-18,,,,Novo,Ativo
899,Cliente 00899,2024-03-26,,,,Recorrente,Ativo
900,Cliente 00900,2025-04-18,,,,Recorrente,Ativo
901,Cliente 00901,2024-05-05,,,,Novo,Ativo
902,Cliente 00902,2025-06-20,,,,Novo,Ativo
903,Cliente 00903,2024-05-24,,,,Novo,Ativo
904,Cliente 00904,2025-06-08,,,,VIP,Ativo
905,Cliente 00905,2024-07-30,,,,Novo,Inativo
906,Cliente 00906,2024-01-25,,,,Recorrente,Ativo
907,Cliente 00907,2025-08-02,,,,Novo,Ativo
908,Cliente 00908,2025-01-28,,,,Recorrente,Ativo
909,Cliente 00909,2024-03-07,,,,Novo,Ativo
910,Cliente 00910,2024-08-20,,,,Recorrente,Ativo
911,Cliente 00911,2024-04-18,,,,Recorrente,Ativo
912,Cliente 00912,2024-05-25,,,,Recorrente,Ativo
913,Cliente 00913,2024-04-20,,,,Recorrente,Ativo
914,Cliente 00914,2024-08-15,,,,Novo,Ativo
915,Cliente 00915,2024-04-20,,,,Recorrente,Ativo
916,Cliente 00916,2025-04-14,,,,Novo,Ativo
917,Cliente 00917,2024-02-03,,,,Novo,Ativo
918,Cliente 00918,2025-09-14,,,,Novo,Ativo
919,Cliente 00919,2025-01-03,,,,Novo,Ativo
920,Cliente 00920,2025-08-17,,,,Novo,Ativo
921,Cliente 00921,2025-07-07,,,,VIP,Ativo
922,Cliente 00922,2025-02-28,,,,Novo,Ativo
923,Cliente 00923,2025-09-04,,,,Recorrente,Ativo
924,Cliente 00924,2025-06-01,,,,Novo,Inativo
925,Cliente 00925,2025-11-22,,,,Novo,Inativo
926,Cliente 00926,2024-10-08,,,,Novo,Ativo
927,Cliente 00927,2024-11-15,,,,VIP,Ativo
928,Cliente 00928,2025-03-18,,,,Recorrente,Ativo
929,Cliente 00929,2024-11-10,,,,VIP,Ativo
930,Cliente 00930,2025-01-11,,,,VIP,Ativo
931,Cliente 00931,2024-10-15,,,,Novo,Ativo
932,Cliente 00932,2025-03-12,,,,Novo,Ativo
933,Cliente 00933,2025-10-23,,,,Recorrente,Ativo
934,Cliente 00934,2024-10-03,,,,Novo,Ativo
935,Cliente 00935,2025-12-10,,,,Novo,Inativo
936,Cliente 00936,2025-08-04,,,,Novo,Ativo
937,Cliente 00937,2025-05-17,,,,Recorrente,Ativo
938,Cliente 00938,2025-09-15,,,,Recorrente,Ativo
939,Cliente 00939,2025-05-30,,,,Novo,Ativo
940,Cliente 00940,2024-12-15,,,,Novo,Ativo
941,Cliente 00941,2025-03-21,,,,Recorrente,Ativo
942,Cliente 00942,2024-12-15,,,,Recorrente,Ativo
943,Cliente 00943,2025-08-29,,,,Novo,Ativo
944,Cliente 00944,2025-10-25,,,,Recorrente,Ativo
945,Cliente 00945,2024-05-16,,,,Novo,Ativo
946,Cliente 00946,2024-08-30,,,,Novo,Ativo
947,Cliente 00947,2025-06-26,,,,Recorrente,Ativo
948,Cliente 00948,2024-02-09,,,,Recorrente,Ativo
949,Cliente 00949,2024-08-16,,,,Novo,Ativo
950,Cliente 00950,2025-07-01,,,,Recorrente,Ativo
951,Cliente 00951,2024-08-10,,,,Recorrente,Ativo
952,Cliente 00952,2024-01-06,,,,Recorrente,Ativo
953,Cliente 00953,2024-11-17,,,,Recorrente,Ativo
954,Cliente 00954,2025-04-12,,,,Recorrente,Ativo
955,Cliente 00955,2024-03-15,,,,Novo,Ativo
956,Cliente 00956,2024-01-04,,,,Novo,Ativo
957,Cliente 00957,2025-10-07,,,,Novo,Inativo
958,Cliente 00958,2024-04-27,,,,Novo,Ativo
959,Cliente 00959,2025-08-28,,,,Recorrente,Ativo
960,Cliente 00960,2025-05-18,,,,Novo,Ativo
961,Cliente 00961,2025-07-27,,,,Novo,Ativo
962,Cliente 00962,2025-03-16,,,,Novo,Inativo
963,Cliente 00963,2024-07-12,,,,Novo,Ativo
964,Cliente 00964,2025-12-15,,,,Novo,Ativo
965,Cliente 00965,2025-01-26,,,,Recorrente,Ativo
966,Cliente 00966,2024-01-26,,,,Novo,Ativo
967,Cliente 00967,2025-03-10,,,,Recorrente,Ativo
968,Cliente 00968,2024-06-21,,,,VIP,Ativo
969,Cliente 00969,2024-10-26,,,,Novo,Ativo
970,Cliente 00970,2025-10-06,,,,Novo,Ativo
971,Cliente 00971,2024-11-21,,,,Novo,Ativo
972,Cliente 00972,2025-02-13,,,,Recorrente,Ativo
973,Cliente 00973,2024-04-27,,,,Recorrente,Ativo
974,Cliente 00974,2025-12-24,,,,Novo,Ativo
975,Cliente 00975,2024-08-12,,,,Novo,Ativo
976,Cliente 00976,2025-06-15,,,,Recorrente,Ativo
977,Cliente 00977,2024-04-22,,,,Novo,Ativo
978,Cliente 00978,2024-05-19,,,,Novo,Ativo
979,Cliente 00979,2025-07-12,,,,Recorrente,Ativo
980,Cliente 00980,2024-01-01,,,,Recorrente,Ativo
981,Cliente 00981,2024-03-30,,,,Recorrente,Inativo
982,Cliente 00982,2025-10-15,,,,Recorrente,Ativo
983,Cliente 00983,2024-11-15,,,,Recorrente,Ativo
984,Cliente 00984,2025-07-03,,,,Novo,Ativo
985,Cliente 00985,2024-05-18,,,,Recorrente,Ativo
986,Cliente 00986,2025-05-25,,,,VIP,Ativo
987,Cliente 00987,2024-09-15,,,,Recorrente,Inativo
988,Cliente 00988,2025-11-03,,,,Novo,Inativo
989,Cliente 00989,2025-11-20,,,,Novo,Ativo
990,Cliente 00990,2024-01-10,,,,Novo,Inativo
991,Cliente 00991,2024-09-17,,,,Novo,Ativo
992,Cliente 00992,2025-10-11,,,,Novo,Ativo
993,Cliente 00993,2024-06-20,,,,Recorrente,Ativo
994,Cliente 00994,2024-01-13,,,,Recorrente,Ativo
995,Cliente 00995,2024-06-16,,,,Novo,Ativo
996,Cliente 00996,2025-10-03,,,,Recorrente,Ativo
997,Cliente 00997,2025-08-18,,,,Novo,Ativo
998,Cliente 00998,2024-11-16,,,,Novo,Ativo
999,Cliente 00999,2024-11-14,,,,Novo,Ativo
1000,Cliente 01000,2025-09-04,,,,Novo,Ativo
1001,Cliente 01001,2024-11-24,,,,Novo,Ativo
1002,Cliente 01002,2025-07-03,,,,Novo,Ativo
1003,Cliente 01003,2025-02-22,,,,Novo,Ativo
1004,Cliente 01004,2025-08-28,,,,Recorrente,Ativo
1005,Cliente 01005,2024-04-04,,,,Novo,Ativo
1006,Cliente 01006,2025-08-03,,,,Recorrente,Ativo
1007,Cliente 01007,2024-11-13,,,,Recorrente,Ativo
1008,Cliente 01008,2024-08-23,,,,Recorrente,Inativo
1009,Cliente 01009,2024-11-29,,,,VIP,Ativo
1010,Cliente 01010,2025-01-10,,,,Novo,Inativo
1011,Cliente 01011,2025-04-03,,,,Novo,Ativo
1012,Cliente 01012,2024-05-16,,,,Recorrente,Ativo
1013,Cliente 01013,2025-08-10,,,,Novo,Ativo
1014,Cliente 01014,2025-06-30,,,,Recorrente,Ativo
1015,Cliente 01015,2025-05-27,,,,Recorrente,Ativo
1016,Cliente 01016,2024-10-22,,,,Recorrente,Ativo
1017,Cliente 01017,2024-11-15,,,,VIP,Ativo
1018,Cliente 01018,2025-07-25,,,,VIP,Ativo
1019,Cliente 01019,2024-12-14,,,,Recorrente,Ativo
1020,Cliente 01020,2024-08-16,,,,Novo,Ativo
1021,Cliente 01021,2024-09-26,,,,Recorrente,Ativo
1022,Cliente 01022,2024-10-17,,,,Novo,Ativo
1023,Cliente 01023,2025-12-25,,,,Novo,Ativo
1024,Cliente 01024,2024-06-13,,,,Recorrente,Ativo
1025,Cliente 01025,2024-01-05,,,,Novo,Ativo
1026,Cliente 01026,2025-01-13,,,,Novo,Ativo
1027,Cliente 01027,2024-03-18,,,,Novo,Ativo
1028,Cliente 01028,2025-02-13,,,,Recorrente,Ativo
1029,Cliente 01029,2025-07-27,,,,Novo,Ativo
1030,Cliente 01030,2024-05-11,,,,Recorrente,Ativo
1031,Cliente 01031,2025-08-23,,,,Novo,Ativo
1032,Cliente 01032,2024-02-11,,,,Recorrente,Ativo
1033,Cliente 01033,2024-03-29,,,,Recorrente,Ativo
1034,Cliente 01034,2025-02-05,,,,Novo,Ativo
1035,Cliente 01035,2024-10-22,,,,Novo,Ativo
1036,Cliente 01036,2024-10-21,,,,Novo,Ativo
1037,Cliente 01037,2025-09-07,,,,VIP,Ativo
1038,Cliente 01038,2025-06-09,,,,Recorrente,Ativo
1039,Cliente 01039,2025-11-21,,,,VIP,Ativo
1040,Cliente 01040,2025-09-28,,,,Novo,Ativo
1041,Cliente 01041,2025-02-25,,,,Recorrente,Ativo
1042,Cliente 01042,2024-01-23,,,,Recorrente,Ativo
1043,Cliente 01043,2025-07-28,,,,Recorrente,Inativo
1044,Cliente 01044,2024-05-22,,,,VIP,Ativo
1045,Cliente 01045,2025-10-26,,,,Novo,Ativo
1046,Cliente 01046,2024-05-24,,,,Novo,Ativo
1047,Cliente 01047,2024-08-12,,,,Recorrente,Ativo
1048,Cliente 01048,2025-05-17,,,,Recorrente,Ativo
1049,Cliente 01049,2025-09-07,,,,Recorrente,Ativo
1050,Cliente 01050,2024-04-13,,,,Novo,Ativo
1051,Cliente 01051,2024-02-08,,,,Novo,Ativo
1052,Cliente 01052,2024-07-16,,,,Novo,Ativo
1053,Cliente 01053,2025-10-07,,,,Novo,Ativo
1054,Cliente 01054,2025-08-01,,,,Recorrente,Ativo
1055,Cliente 01055,2025-01-25,,,,Recorrente,Ativo
1056,Cliente 01056,2024-06-27,,,,Novo,Ativo
1057,Cliente 01057,2025-07-07,,,,Novo,Ativo
1058,Cliente 01058,2025-03-23,,,,Novo,Ativo
1059,Cliente 01059,2025-05-14,,,,Novo,Ativo
1060,Cliente 01060,2024-01-15,,,,Recorrente,Ativo
1061,Cliente 01061,2025-09-14,,,,VIP,Ativo
1062,Cliente 01062,2025-10-30,,,,Novo,Ativo
1063,Cliente 01063,2024-10-15,,,,Recorrente,Ativo
1064,Cliente 01064,2025-04-22,,,,Recorrente,Ativo
1065,Cliente 01065,2024-08-18,,,,Recorrente,Ativo
1066,Cliente 01066,2025-02-23,,,,Novo,Ativo
1067,Cliente 01067,2024-06-05,,,,VIP,Ativo
1068,Cliente 01068,2025-07-03,,,,Novo,Ativo
1069,Cliente 01069,2025-03-16,,,,Novo,Ativo
1070,Cliente 01070,2024-04-06,,,,Novo,Ativo
1071,Cliente 01071,2025-02-14,,,,Novo,Ativo
1072,Cliente 01072,2024-10-15,,,,Novo,Ativo
1073,Cliente 01073,2024-09-10,,,,Novo,Inativo
1074,Cliente 01074,2024-07-14,,,,Novo,Ativo
1075,Cliente 01075,2025-08-20,,,,Recorrente,Ativo
1076,Cliente 01076,2025-06-05,,,,Recorrente,Inativo
1077,Cliente 01077,2025-05-31,,,,Novo,Ativo
1078,Cliente 01078,2025-09-26,,,,Recorrente,Ativo
1079,Cliente 01079,2024-04-27,,,,Recorrente,Ativo
1080,Cliente 01080,2024-06-07,,,,Recorrente,Ativo
1081,Cliente 01081,2024-08-15,,,,Novo,Ativo
1082,Cliente 01082,2024-08-03,,,,Recorrente,Ativo
1083,Cliente 01083,2025-11-26,,,,VIP,Ativo
1084,Cliente 01084,2024-01-15,,,,Recorrente,Ativo
1085,Cliente 01085,2024-06-05,,,,Novo,Ativo
1086,Cliente 01086,2025-10-09,,,,Novo,Ativo
1087,Cliente 01087,2024-09-17,,,,Recorrente,Ativo
1088,Cliente 01088,2024-06-05,,,,Novo,Ativo
1089,Cliente 01089,2024-02-16,,,,Novo,Ativo
1090,Cliente 01090,2024-11-19,,,,Novo,Ativo
1091,Cliente 01091,2025-11-15,,,,Recorrente,Ativo
1092,Cliente 01092,2024-05-09,,,,Recorrente,Ativo
1093,Cliente 01093,2025-02-14,,,,Novo,Ativo
1094,Cliente 01094,2024-04-04,,,,VIP,Ativo
1095,Cliente 01095,2025-09-18,,,,Novo,Inativo
1096,Cliente 01096,2024-10-18,,,,Recorrente,Ativo
1097,Cliente 01097,2024-10-09,,,,Recorrente,Ativo
1098,Cliente 01098,2024-03-09,,,,Recorrente,Ativo
1099,Cliente 01099,2025-10-21,,,,VIP,Ativo
1100,Cliente 01100,2024-01-11,,,,Novo,Ativo
1101,Cliente 01101,2024-09-10,,,,Recorrente,Ativo
1102,Cliente 01102,2025-07-03,,,,Novo,Ativo
1103,Cliente 01103,2024-05-13,,,,Recorrente,Ativo
1104,Cliente 01104,2025-12-12,,,,Recorrente,Ativo
1105,Cliente 01105,2024-01-23,,,,Recorrente,Ativo
1106,Cliente 01106,2024-12-11,,,,Novo,Ativo
1107,Cliente 01107,2024-10-28,,,,Recorrente,Ativo
1108,Cliente 01108,2024-12-28,,,,Novo,Ativo
1109,Cliente 01109,2025-01-30,,,,Novo,Ativo
1110,Cliente 01110,2024-08-05,,,,Recorrente,Ativo
1111,Cliente 01111,2024-05-20,,,,Novo,Ativo
1112,Cliente 01112,2025-09-07,,,,Recorrente,Ativo
1113,Cliente 01113,2024-07-28,,,,Novo,Ativo
1114,Cliente 01114,2025-09-14,,,,Novo,Ativo
1115,Cliente 01115,2025-09-07,,,,Recorrente,Inativo
1116,Cliente 01116,2025-11-13,,,,Novo,Ativo
1117,Cliente 01117,2025-04-04,,,,Novo,Ativo
1118,Cliente 01118,2024-12-21,,,,Recorrente,Ativo
1119,Cliente 01119,2024-11-19,,,,Novo,Ativo
1120,Cliente 01120,2024-05-12,,,,Recorrente,Ativo
1121,Cliente 01121,2024-05-06,,,,Novo,Ativo
1122,Cliente 01122,2024-04-15,,,,Recorrente,Ativo
1123,Cliente 01123,2025-08-26,,,,Recorrente,Ativo
1124,Cliente 01124,2025-01-12,,,,Recorrente,Ativo
1125,Cliente 01125,2024-02-20,,,,Novo,Ativo
1126,Cliente 01126,2024-01-29,,,,Recorrente,Ativo
1127,Cliente 01127,2025-04-06,,,,Recorrente,Ativo
1128,Cliente 01128,2024-10-22,,,,Recorrente,Ativo
1129,Cliente 01129,2024-10-23,,,,Novo,Ativo
1130,Cliente 01130,2025-12-26,,,,Recorrente,Ativo
1131,Cliente 01131,2025-02-10,,,,Recorrente,Ativo
1132,Cliente 01132,2025-09-04,,,,Novo,Ativo
1133,Cliente 01133,2025-02-08,,,,Novo,Ativo
1134,Cliente 01134,2024-12-11,,,,Recorrente,Ativo
1135,Cliente 01135,2025-09-13,,,,Novo,Inativo
1136,Cliente 01136,2025-02-23,,,,VIP,Ativo
1137,Cliente 01137,2024-06-30,,,,Recorrente,Ativo
1138,Cliente 01138,2024-01-01,,,,Recorrente,Ativo
1139,Cliente 01139,2025-07-20,,,,Novo,Ativo
1140,Cliente 01140,2025-01-05,,,,Novo,Ativo
1141,Cliente 01141,2025-10-22,,,,VIP,Ativo
1142,Cliente 01142,2025-03-06,,,,Novo,Ativo
1143,Cliente 01143,2024-11-04,,,,Recorrente,Ativo
1144,Cliente 01144,2024-05-16,,,,Novo,Ativo
1145,Cliente 01145,2024-07-20,,,,Novo,Ativo
1146,Cliente 01146,2025-03-11,,,,Novo,Ativo
1147,Cliente 01147,2024-11-08,,,,Novo,Ativo
1148,Cliente 01148,2024-04-26,,,,VIP,Ativo
1149,Cliente 01149,2025-10-27,,,,Novo,Inativo
1150,Cliente 01150,2025-07-28,,,,Novo,Ativo
1151,Cliente 01151,2024-08-31,,,,Novo,Ativo
1152,Cliente 01152,2025-06-20,,,,Novo,Ativo
1153,Cliente 01153,2025-08-24,,,,Novo,Ativo
1154,Cliente 01154,2024-03-15,,,,Recorrente,Ativo
1155,Cliente 01155,2025-01-20,,,,Novo,Ativo
1156,Cliente 01156,2024-07-28,,,,Novo,Ativo
1157,Cliente 01157,2025-04-19,,,,Novo,Ativo
1158,Cliente 01158,2025-02-21,,,,VIP,Ativo
1159,Cliente 01159,2024-12-12,,,,Novo,Ativo
1160,Cliente 01160,2025-06-12,,,,Novo,Ativo
1161,Cliente 01161,2025-10-01,,,,Recorrente,Ativo
1162,Cliente 01162,2024-06-27,,,,Recorrente,Ativo
1163,Cliente 01163,2024-06-30,,,,Novo,Ativo
1164,Cliente 01164,2025-10-25,,,,Novo,Ativo
1165,Cliente 01165,2024-01-25,,,,Recorrente,Ativo
1166,Cliente 01166,2024-06-28,,,,Novo,Ativo
1167,Cliente 01167,2025-12-10,,,,Recorrente,Ativo
1168,Cliente 01168,2025-05-15,,,,Recorrente,Ativo
1169,Cliente 01169,2024-06-09,,,,Novo,Ativo
1170,Cliente 01170,2024-06-25,,,,Novo,Ativo
1171,Cliente 01171,2024-10-11,,,,Novo,Ativo
1172,Cliente 01172,2024-03-03,,,,Recorrente,Ativo
1173,Cliente 01173,2025-10-23,,,,Novo,Ativo
1174,Cliente 01174,2025-10-27,,,,Novo,Ativo
1175,Cliente 01175,2024-06-04,,,,Recorrente,Ativo
1176,Cliente 01176,2025-04-13,,,,VIP,Ativo
1177,Cliente 01177,2024-02-18,,,,Novo,Ativo
1178,Cliente 01178,2024-03-24,,,,VIP,Ativo
1179,Cliente 01179,2024-12-26,,,,Novo,Ativo
1180,Cliente 01180,2025-11-19,,,,Novo,Ativo
1181,Cliente 01181,2024-05-27,,,,Novo,Ativo
1182,Cliente 01182,2025-09-21,,,,Novo,Ativo
1183,Cliente 01183,2024-12-07,,,,Novo,Ativo
1184,Cliente 01184,2025-04-20,,,,Novo,Inativo
1185,Cliente 01185,2024-03-03,,,,VIP,Ativo
1186,Cliente 01186,2025-12-01,,,,Recorrente,Ativo
1187,Cliente 01187,2024-12-25,,,,Recorrente,Ativo
1188,Cliente 01188,2025-07-14,,,,Novo,Ativo
1189,Cliente 01189,2024-11-22,,,,Novo,Ativo
1190,Cliente 01190,2024-05-20,,,,Novo,Ativo
1191,Cliente 01191,2024-08-02,,,,Recorrente,Ativo
1192,Cliente 01192,2025-03-10,,,,VIP,Ativo
1193,Cliente 01193,2025-12-23,,,,Novo,Ativo
1194,Cliente 01194,2024-11-13,,,,Novo,Ativo
1195,Cliente 01195,2024-02-01,,,,Novo,Ativo
1196,Cliente 01196,2025-10-31,,,,Novo,Ativo
1197,Cliente 01197,2024-10-11,,,,Novo,Ativo
1198,Cliente 01198,2024-10-31,,,,Recorrente,Ativo
1199,Cliente 01199,2025-03-04,,,,Recorrente,Ativo
1200,Cliente 01200,2025-04-21,,,,Novo,Ativo
1201,Cliente 01201,2024-10-12,,,,Novo,Ativo
1202,Cliente 01202,2024-05-23,,,,VIP,Ativo
1203,Cliente 01203,2025-02-27,,,,Novo,Ativo
1204,Cliente 01204,2024-01-19,,,,Novo,Ativo
1205,Cliente 01205,2024-01-18,,,,Novo,Ativo
1206,Cliente 01206,2025-08-12,,,,Novo,Ativo
1207,Cliente 01207,2025-01-05,,,,Novo,Ativo
1208,Cliente 01208,2024-06-23,,,,Recorrente,Inativo
1209,Cliente 01209,2024-07-12,,,,Novo,Ativo
1210,Cliente 01210,2025-05-16,,,,Novo,Ativo
1211,Cliente 01211,2024-04-22,,,,Recorrente,Ativo
1212,Cliente 01212,2024-04-23,,,,Novo,Ativo
1213,Cliente 01213,2024-08-09,,,,Recorrente,Ativo
1214,Cliente 01214,2025-11-08,,,,Recorrente,Ativo
1215,Cliente 01215,2025-10-05,,,,Novo,Ativo
1216,Cliente 01216,2024-09-20,,,,Recorrente,Inativo
1217,Cliente 01217,2024-02-24,,,,Novo,Ativo
1218,Cliente 01218,2025-10-04,,,,VIP,Ativo
1219,Cliente 01219,2025-04-02,,,,Novo,Inativo
1220,Cliente 01220,2024-06-10,,,,VIP,Ativo
1221,Cliente 01221,2025-01-14,,,,Recorrente,Inativo
1222,Cliente 01222,2024-03-27,,,,Novo,Inativo
1223,Cliente 01223,2024-02-24,,,,Novo,Ativo
1224,Cliente 01224,2025-04-20,,,,VIP,Ativo
1225,Cliente 01225,2024-06-26,,,,Recorrente,Ativo
1226,Cliente 01226,2025-01-25,,,,Novo,Ativo
1227,Cliente 01227,2024-12-14,,,,Recorrente,Inativo
1228,Cliente 01228,2024-01-08,,,,Novo,Ativo
1229,Cliente 01229,2024-11-08,,,,Novo,Ativo
1230,Cliente 01230,2025-03-18,,,,Novo,Ativo
1231,Cliente 01231,2024-11-23,,,,Novo,Ativo
1232,Cliente 01232,2024-02-23,,,,Recorrente,Ativo
1233,Cliente 01233,2024-08-26,,,,Novo,Ativo
1234,Cliente 01234,2024-08-16,,,,Recorrente,Ativo
1235,Cliente 01235,2025-08-01,,,,Novo,Ativo
1236,Cliente 01236,2024-02-20,,,,Novo,Inativo
1237,Cliente 01237,2025-08-31,,,,Novo,Ativo
1238,Cliente 01238,2025-08-26,,,,Novo,Ativo
1239,Cliente 01239,2024-09-20,,,,Novo,Ativo
1240,Cliente 01240,2025-02-21,,,,Novo,Ativo
1241,Cliente 01241,2024-04-05,,,,Recorrente,Ativo
1242,Cliente 01242,2024-03-28,,,,Novo,Inativo
1243,Cliente 01243,2024-03-18,,,,Novo,Ativo
1244,Cliente 01244,2024-10-14,,,,Novo,Ativo
1245,Cliente 01245,2024-04-29,,,,Recorrente,Ativo
1246,Cliente 01246,2025-05-05,,,,VIP,Ativo
1247,Cliente 01247,2025-03-27,,,,Novo,Ativo
1248,Cliente 01248,2025-05-14,,,,Novo,Ativo
1249,Cliente 01249,2024-06-13,,,,Novo,Ativo
1250,Cliente 01250,2024-06-30,,,,VIP,Ativo
1251,Cliente 01251,2025-04-13,,,,Novo,Ativo
1252,Cliente 01252,2024-01-07,,,,Novo,Ativo
1253,Cliente 01253,2024-11-25,,,,Novo,Ativo
1254,Cliente 01254,2025-11-03,,,,Novo,Ativo
1255,Cliente 01255,2024-05-30,,,,Novo,Inativo
1256,Cliente 01256,2024-03-25,,,,Recorrente,Ativo
1257,Cliente 01257,2024-05-26,,,,Novo,Ativo
1258,Cliente 01258,2025-09-15,,,,Recorrente,Inativo
1259,Cliente 01259,2025-01-15,,,,Novo,Ativo
1260,Cliente 01260,2025-07-01,,,,Novo,Ativo
1261,Cliente 01261,2024-10-11,,,,VIP,Ativo
1262,Cliente 01262,2025-11-30,,,,Novo,Ativo
1263,Cliente 01263,2024-03-22,,,,Recorrente,Ativo
1264,Cliente 01264,2025-05-28,,,,Novo,Ativo
1265,Cliente 01265,2025-12-09,,,,Novo,Ativo
1266,Cliente 01266,2025-06-06,,,,VIP,Ativo
1267,Cliente 01267,2025-01-20,,,,Novo,Inativo
1268,Cliente 01268,2025-12-07,,,,Recorrente,Ativo
1269,Cliente 01269,2025-04-15,,,,Novo,Ativo
1270,Cliente 01270,2024-04-28,,,,Recorrente,Ativo
1271,Cliente 01271,2025-01-30,,,,Novo,Ativo
1272,Cliente 01272,2025-06-15,,,,Novo,Ativo
1273,Cliente 01273,2024-09-17,,,,Recorrente,Inativo
1274,Cliente 01274,2024-09-12,,,,VIP,Ativo
1275,Cliente 01275,2024-08-13,,,,VIP,Ativo
1276,Cliente 01276,2024-02-22,,,,Recorrente,Ativo
1277,Cliente 01277,2025-05-14,,,,Recorrente,Ativo
1278,Cliente 01278,2025-05-20,,,,Novo,Ativo
1279,Cliente 01279,2024-12-29,,,,Novo,Ativo
1280,Cliente 01280,2024-10-06,,,,Novo,Ativo
1281,Cliente 01281,2025-08-15,,,,Novo,Ativo
1282,Cliente 01282,2025-12-14,,,,Novo,Ativo
1283,Cliente 01283,2024-06-06,,,,Novo,Ativo
1284,Cliente 01284,2025-09-23,,,,Novo,Ativo
1285,Cliente 01285,2024-02-28,,,,Recorrente,Ativo
1286,Cliente 01286,2025-12-27,,,,Novo,Ativo
1287,Cliente 01287,2024-05-07,,,,Novo,Ativo
1288,Cliente 01288,2025-12-21,,,,Novo,Ativo
1289,Cliente 01289,2024-04-24,,,,Recorrente,Ativo
1290,Cliente 01290,2024-07-27,,,,Recorrente,Ativo
1291,Cliente 01291,2025-06-09,,,,Recorrente,Ativo
1292,Cliente 01292,2025-06-04,,,,Novo,Inativo
1293,Cliente 01293,2025-07-05,,,,Novo,Ativo
1294,Cliente 01294,2024-08-24,,,,Novo,Ativo
1295,Cliente 01295,2024-10-07,,,,Novo,Ativo
1296,Cliente 01296,2024-12-24,,,,Novo,Ativo
1297,Cliente 01297,2024-07-19,,,,Novo,Ativo
1298,Cliente 01298,2024-10-04,,,,Novo,Ativo
1299,Cliente 01299,2024-08-22,,,,VIP,Ativo
1300,Cliente 01300,2025-05-08,,,,VIP,Inativo
1301,Cliente 01301,2024-01-04,,,,Novo,Ativo
1302,Cliente 01302,2025-10-27,,,,Novo,Ativo
1303,Cliente 01303,2025-03-17,,,,Novo,Ativo
1304,Cliente 01304,2024-01-29,,,,Novo,Ativo
1305,Cliente 01305,2024-04-18,,,,VIP,Ativo
1306,Cliente 01306,2025-09-01,,,,Novo,Ativo
1307,Cliente 01307,2025-12-27,,,,Recorrente,Ativo
1308,Cliente 01308,2024-03-15,,,,Novo,Ativo
1309,Cliente 01309,2024-05-25,,,,VIP,Ativo
1310,Cliente 01310,2024-05-07,,,,Novo,Inativo
1311,Cliente 01311,2024-02-11,,,,Recorrente,Ativo
1312,Cliente 01312,2024-12-21,,,,Novo,Ativo
1313,Cliente 01313,2024-02-10,,,,Recorrente,Ativo
1314,Cliente 01314,2024-02-03,,,,Novo,Ativo
1315,Cliente 01315,2024-01-17,,,,Novo,Ativo
1316,Cliente 01316,2025-11-07,,,,VIP,Ativo
1317,Cliente 01317,2024-06-01,,,,VIP,Ativo
1318,Cliente 01318,2025-01-12,,,,Recorrente,Ativo
1319,Cliente 01319,2025-08-10,,,,Recorrente,Ativo
1320,Cliente 01320,2025-08-21,,,,Recorrente,Ativo
1321,Cliente 01321,2025-09-20,,,,Novo,Inativo
1322,Cliente 01322,2024-12-07,,,,Novo,Ativo
1323,Cliente 01323,2024-01-27,,,,Novo,Ativo
1324,Cliente 01324,2024-10-13,,,,Recorrente,Ativo
1325,Cliente 01325,2025-10-07,,,,Novo,Ativo
1326,Cliente 01326,2025-12-31,,,,Novo,Ativo
1327,Cliente 01327,2024-06-16,,,,Recorrente,Ativo
1328,Cliente 01328,2025-09-01,,,,Recorrente,Ativo
1329,Cliente 01329,2024-09-24,,,,Novo,Ativo
1330,Cliente 01330,2025-03-30,,,,Novo,Ativo
1331,Cliente 01331,2025-11-15,,,,Novo,Ativo
1332,Cliente 01332,2025-02-04,,,,Novo,Ativo
1333,Cliente 01333,2025-04-20,,,,Novo,Ativo
1334,Cliente 01334,2025-12-02,,,,Recorrente,Ativo
1335,Cliente 01335,2025-09-25,,,,Recorrente,Ativo
1336,Cliente 01336,2025-07-11,,,,Recorrente,Ativo
1337,Cliente 01337,2025-07-29,,,,Novo,Ativo
1338,Cliente 01338,2024-05-09,,,,Recorrente,Ativo
1339,Cliente 01339,2024-12-28,,,,Novo,Ativo
1340,Cliente 01340,2025-12-05,,,,Novo,Ativo
1341,Cliente 01341,2025-11-23,,,,Recorrente,Ativo
1342,Cliente 01342,2024-10-18,,,,Novo,Inativo
1343,Cliente 01343,2025-01-05,,,,Novo,Ativo
1344,Cliente 01344,2024-01-29,,,,Recorrente,Ativo
1345,Cliente 01345,2024-05-28,,,,Novo,Ativo
1346,Cliente 01346,2024-10-22,,,,Recorrente,Ativo
1347,Cliente 01347,2024-01-11,,,,Novo,Ativo
1348,Cliente 01348,2025-05-26,,,,Recorrente,Ativo
1349,Cliente 01349,2025-11-06,,,,Novo,Ativo
1350,Cliente 01350,2024-04-22,,,,Novo,Ativo
1351,Cliente 01351,2024-07-05,,,,Recorrente,Ativo
1352,Cliente 01352,2024-08-14,,,,Novo,Ativo
1353,Cliente 01353,2024-11-05,,,,Novo,Ativo
1354,Cliente 01354,2024-04-07,,,,Novo,Ativo
1355,Cliente 01355,2024-02-24,,,,Novo,Ativo
1356,Cliente 01356,2025-09-14,,,,Novo,Ativo
1357,Cliente 01357,2025-10-25,,,,Novo,Ativo
1358,Cliente 01358,2025-02-09,,,,VIP,Ativo
1359,Cliente 01359,2024-03-09,,,,Novo,Ativo
1360,Cliente 01360,2024-11-07,,,,Novo,Ativo
1361,Cliente 01361,2024-10-15,,,,Novo,Ativo
1362,Cliente 01362,2025-07-01,,,,Novo,Ativo
1363,Cliente 01363,2024-05-27,,,,VIP,Ativo
1364,Cliente 01364,2025-04-11,,,,Novo,Ativo
1365,Cliente 01365,2024-08-31,,,,VIP,Ativo
1366,Cliente 01366,2025-05-05,,,,Novo,Ativo
1367,Cliente 01367,2025-05-21,,,,Recorrente,Ativo
1368,Cliente 01368,2024-12-30,,,,Novo,Ativo
1369,Cliente 01369,2025-04-26,,,,Recorrente,Ativo
1370,Cliente 01370,2024-07-19,,,,Recorrente,Ativo
1371,Cliente 01371,2024-06-02,,,,Novo,Ativo
1372,Cliente 01372,2025-03-25,,,,Novo,Ativo
1373,Cliente 01373,2025-05-15,,,,Novo,Ativo
1374,Cliente 01374,2024-03-13,,,,VIP,Inativo
1375,Cliente 01375,2025-12-13,,,,Novo,Ativo
1376,Cliente 01376,2024-10-22,,,,Novo,Ativo
1377,Cliente 01377,2024-01-17,,,,Recorrente,Ativo
1378,Cliente 01378,2025-10-02,,,,Novo,Ativo
1379,Cliente 01379,2024-08-04,,,,VIP,Ativo
1380,Cliente 01380,2024-03-01,,,,Recorrente,Ativo
1381,Cliente 01381,2025-09-07,,,,Recorrente,Ativo
1382,Cliente 01382,2024-02-11,,,,Recorrente,Ativo
1383,Cliente 01383,2024-01-25,,,,Novo,Ativo
1384,Cliente 01384,2024-02-08,,,,Novo,Ativo
1385,Cliente 01385,2024-05-10,,,,Novo,Ativo
1386,Cliente 01386,2025-05-12,,,,Novo,Inativo
1387,Cliente 01387,2024-08-16,,,,Recorrente,Ativo
1388,Cliente 01388,2024-04-17,,,,VIP,Ativo
1389,Cliente 01389,2024-06-20,,,,Novo,Ativo
1390,Cliente 01390,2025-03-10,,,,Novo,Ativo
1391,Cliente 01391,2025-04-22,,,,VIP,Ativo
1392,Cliente 01392,2024-04-11,,,,Novo,Ativo
1393,Cliente 01393,2025-06-07,,,,Novo,Ativo
1394,Cliente 01394,2024-10-01,,,,Novo,Ativo
1395,Cliente 01395,2025-09-04,,,,VIP,Ativo
1396,Cliente 01396,2024-02-13,,,,Recorrente,Ativo
1397,Cliente 01397,2024-01-17,,,,Recorrente,Ativo
1398,Cliente 01398,2024-11-25,,,,Recorrente,Ativo
1399,Cliente 01399,2025-07-22,,,,Novo,Inativo
1400,Cliente 01400,2025-05-11,,,,Novo,Ativo
1401,Cliente 01401,2024-01-12,,,,Recorrente,Ativo
1402,Cliente 01402,2024-11-13,,,,Novo,Ativo
1403,Cliente 01403,2025-08-14,,,,Recorrente,Ativo
1404,Cliente 01404,2024-08-03,,,,VIP,Ativo
1405,Cliente 01405,2024-12-04,,,,Recorrente,Ativo
1406,Cliente 01406,2025-10-22,,,,Recorrente,Ativo
1407,Cliente 01407,2024-03-21,,,,Recorrente,Ativo
1408,Cliente 01408,2025-12-27,,,,Recorrente,Ativo
1409,Cliente 01409,2025-04-29,,,,Novo,Ativo
1410,Cliente 01410,2025-01-08,,,,Novo,Ativo
1411,Cliente 01411,2025-12-10,,,,Novo,Ativo
1412,Cliente 01412,2024-07-18,,,,Recorrente,Ativo
1413,Cliente 01413,2025-06-20,,,,Novo,Ativo
1414,Cliente 01414,2025-04-10,,,,Recorrente,Ativo
1415,Cliente 01415,2024-03-29,,,,Novo,Ativo
1416,Cliente 01416,2024-09-24,,,,Recorrente,Ativo
1417,Cliente 01417,2025-10-16,,,,Novo,Ativo
1418,Cliente 01418,2025-07-24,,,,Recorrente,Ativo
1419,Cliente 01419,2025-05-03,,,,Novo,Ativo
1420,Cliente 01420,2025-06-21,,,,Novo,Ativo
1421,Cliente 01421,2024-02-16,,,,Novo,Ativo
1422,Cliente 01422,2024-10-14,,,,Recorrente,Ativo
1423,Cliente 01423,2024-01-16,,,,Novo,Ativo
1424,Cliente 01424,2025-12-11,,,,Novo,Ativo
1425,Cliente 01425,2025-02-04,,,,VIP,Ativo
1426,Cliente 01426,2024-03-26,,,,Recorrente,Ativo
1427,Cliente 01427,2024-09-06,,,,VIP,Ativo
1428,Cliente 01428,2025-01-25,,,,Novo,Ativo
1429,Cliente 01429,2024-11-30,,,,Novo,Ativo
1430,Cliente 01430,2025-09-20,,,,Recorrente,Inativo
1431,Cliente 01431,2025-06-02,,,,Novo,Inativo
1432,Cliente 01432,2024-05-16,,,,Recorrente,Ativo
1433,Cliente 01433,2025-11-18,,,,Novo,Ativo
1434,Cliente 01434,2025-05-12,,,,Novo,Ativo
1435,Cliente 01435,2025-12-27,,,,Novo,Ativo
1436,Cliente 01436,2025-04-21,,,,Novo,Ativo
1437,Cliente 01437,2025-08-16,,,,Novo,Inativo
1438,Cliente 01438,2024-08-10,,,,Novo,Ativo
1439,Cliente 01439,2025-01-06,,,,VIP,Ativo
1440,Cliente 01440,2025-02-05,,,,Novo,Ativo
1441,Cliente 01441,2025-03-18,,,,Recorrente,Ativo
1442,Cliente 01442,2025-05-04,,,,Recorrente,Ativo
1443,Cliente 01443,2025-09-06,,,,Recorrente,Ativo
1444,Cliente 01444,2024-09-29,,,,Novo,Ativo
1445,Cliente 01445,2025-06-09,,,,Recorrente,Ativo
1446,Cliente 01446,2024-06-07,,,,Recorrente,Ativo
1447,Cliente 01447,2024-05-31,,,,Recorrente,Ativo
1448,Cliente 01448,2025-09-11,,,,Recorrente,Ativo
1449,Cliente 01449,2024-07-06,,,,VIP,Ativo
1450,Cliente 01450,2024-04-07,,,,Recorrente,Ativo
1451,Cliente 01451,2024-05-10,,,,Novo,Ativo
1452,Cliente 01452,2024-06-19,,,,Recorrente,Ativo
1453,Cliente 01453,2024-07-01,,,,Novo,Ativo
1454,Cliente 01454,2024-12-29,,,,Recorrente,Ativo
1455,Cliente 01455,2024-02-08,,,,Novo,Ativo
1456,Cliente 01456,2025-06-10,,,,Novo,Inativo
1457,Cliente 01457,2025-05-11,,,,Recorrente,Ativo
1458,Cliente 01458,2025-05-30,,,,Recorrente,Ativo
1459,Cliente 01459,2024-12-14,,,,Novo,Ativo
1460,Cliente 01460,2025-01-31,,,,Novo,Ativo
1461,Cliente 01461,2025-12-22,,,,Recorrente,Ativo
1462,Cliente 01462,2024-06-09,,,,Novo,Ativo
1463,Cliente 01463,2024-01-16,,,,Recorrente,Ativo
1464,Cliente 01464,2025-05-07,,,,Novo,Ativo
1465,Cliente 01465,2025-03-01,,,,Recorrente,Ativo
1466,Cliente 01466,2024-04-17,,,,Recorrente,Ativo
1467,Cliente 01467,2025-03-25,,,,Novo,Ativo
1468,Cliente 01468,2024-11-06,,,,Novo,Ativo
1469,Cliente 01469,2024-06-18,,,,Novo,Ativo
1470,Cliente 01470,2025-06-29,,,,Recorrente,Ativo
1471,Cliente 01471,2025-02-17,,,,Novo,Inativo
1472,Cliente 01472,2024-09-07,,,,Recorrente,Ativo
1473,Cliente 01473,2024-05-20,,,,Novo,Ativo
1474,Cliente 01474,2024-09-30,,,,Novo,Ativo
1475,Cliente 01475,2025-02-19,,,,Novo,Ativo
1476,Cliente 01476,2025-08-30,,,,Novo,Ativo
1477,Cliente 01477,2024-02-08,,,,Recorrente,Ativo
1478,Cliente 01478,2024-01-29,,,,Recorrente,Ativo
1479,Cliente 01479,2025-04-21,,,,Recorrente,Ativo
1480,Cliente 01480,2024-11-13,,,,Novo,Ativo
1481,Cliente 01481,2024-09-01,,,,VIP,Ativo
1482,Cliente 01482,2025-11-27,,,,Recorrente,Ativo
1483,Cliente 01483,2024-09-28,,,,VIP,Ativo
1484,Cliente 01484,2025-03-15,,,,Novo,Ativo
1485,Cliente 01485,2024-08-26,,,,Novo,Ativo
1486,Cliente 01486,2025-01-11,,,,Novo,Ativo
1487,Cliente 01487,2024-09-22,,,,Recorrente,Ativo
1488,Cliente 01488,2024-12-24,,,,Novo,Ativo
1489,Cliente 01489,2024-12-05,,,,Novo,Ativo
1490,Cliente 01490,2025-01-23,,,,Novo,Inativo
1491,Cliente 01491,2025-07-30,,,,Recorrente,Ativo
1492,Cliente 01492,2025-11-19,,,,Recorrente,Ativo
1493,Cliente 01493,2024-01-03,,,,Novo,Ativo
1494,Cliente 01494,2025-03-04,,,,Novo,Ativo
1495,Cliente 01495,2024-05-21,,,,Recorrente,Ativo
1496,Cliente 01496,2025-01-10,,,,VIP,Ativo
1497,Cliente 01497,2025-10-31,,,,Recorrente,Ativo
1498,Cliente 01498,2024-11-19,,,,VIP,Ativo
1499,Cliente 01499,2024-05-25,,,,Recorrente,Inativo
1500,Cliente 01500,2024-10-19,,,,Recorrente,Ativo
1501,Cliente 01501,2025-10-26,,,,Novo,Ativo
1502,Cliente 01502,2025-03-07,,,,Recorrente,Ativo
1503,Cliente 01503,2025-12-05,,,,Recorrente,Ativo
1504,Cliente 01504,2025-08-07,,,,Recorrente,Ativo
1505,Cliente 01505,2025-02-02,,,,Novo,Ativo
1506,Cliente 01506,2024-12-09,,,,Novo,Ativo
1507,Cliente 01507,2024-05-19,,,,Novo,Ativo
1508,Cliente 01508,2024-07-05,,,,Novo,Inativo
1509,Cliente 01509,2024-03-01,,,,Novo,Ativo
1510,Cliente 01510,2025-01-14,,,,Recorrente,Ativo
1511,Cliente 01511,2025-12-10,,,,Novo,Ativo
1512,Cliente 01512,2025-03-15,,,,Novo,Ativo
1513,Cliente 01513,2024-11-14,,,,Novo,Ativo
1514,Cliente 01514,2024-10-28,,,,Recorrente,Ativo
1515,Cliente 01515,2024-12-09,,,,Novo,Ativo
1516,Cliente 01516,2024-01-11,,,,Novo,Ativo
1517,Cliente 01517,2024-03-02,,,,Recorrente,Ativo
1518,Cliente 01518,2024-08-13,,,,Novo,Ativo
1519,Cliente 01519,2024-06-01,,,,VIP,Ativo
1520,Cliente 01520,2025-12-11,,,,VIP,Ativo
1521,Cliente 01521,2025-07-17,,,,Novo,Ativo
1522,Cliente 01522,2025-07-24,,,,Novo,Ativo
1523,Cliente 01523,2025-08-06,,,,Recorrente,Ativo
1524,Cliente 01524,2025-10-21,,,,Novo,Ativo
1525,Cliente 01525,2025-07-28,,,,Novo,Ativo
1526,Cliente 01526,2024-11-05,,,,Novo,Ativo
1527,Cliente 01527,2024-08-30,,,,VIP,Ativo
1528,Cliente 01528,2025-05-07,,,,Novo,Ativo
1529,Cliente 01529,2024-12-31,,,,Recorrente,Inativo
1530,Cliente 01530,2024-11-25,,,,Recorrente,Ativo
1531,Cliente 01531,2024-04-16,,,,Novo,Ativo
1532,Cliente 01532,2024-08-13,,,,Novo,Ativo
1533,Cliente 01533,2024-08-05,,,,VIP,Inativo
1534,Cliente 01534,2025-05-20,,,,Novo,Ativo
1535,Cliente 01535,2024-09-15,,,,Recorrente,Ativo
1536,Cliente 01536,2025-05-31,,,,Novo,Ativo
1537,Cliente 01537,2024-02-23,,,,Novo,Ativo
1538,Cliente 01538,2024-02-16,,,,Novo,Inativo
1539,Cliente 01539,2025-12-27,,,,Novo,Ativo
1540,Cliente 01540,2025-11-19,,,,Novo,Ativo
1541,Cliente 01541,2025-06-04,,,,Recorrente,Ativo
1542,Cliente 01542,2024-04-08,,,,Novo,Ativo
1543,Cliente 01543,2024-01-20,,,,Novo,Ativo
1544,Cliente 01544,2025-07-26,,,,Novo,Ativo
1545,Cliente 01545,2025-05-04,,,,Recorrente,Ativo
1546,Cliente 01546,2025-02-22,,,,Novo,Ativo
1547,Cliente 01547,2025-11-20,,,,Recorrente,Ativo
1548,Cliente 01548,2024-03-02,,,,Novo,Ativo
1549,Cliente 01549,2024-05-24,,,,Novo,Ativo
1550,Cliente 01550,2024-08-03,,,,Novo,Ativo
1551,Cliente 01551,2024-01-03,,,,Recorrente,Ativo
1552,Cliente 01552,2024-06-08,,,,Novo,Ativo
1553,Cliente 01553,2024-04-29,,,,Novo,Ativo
1554,Cliente 01554,2024-03-29,,,,Novo,Ativo
1555,Cliente 01555,2024-11-24,,,,Recorrente,Ativo
1556,Cliente 01556,2025-08-02,,,,Novo,Ativo
1557,Cliente 01557,2024-12-22,,,,Novo,Ativo
1558,Cliente 01558,2025-09-01,,,,Novo,Ativo
1559,Cliente 01559,2024-09-23,,,,Novo,Inativo
1560,Cliente 01560,2025-09-08,,,,Recorrente,Ativo
1561,Cliente 01561,2024-11-18,,,,Recorrente,Inativo
1562,Cliente 01562,2025-09-26,,,,Novo,Ativo
1563,Cliente 01563,2025-06-24,,,,Novo,Ativo
1564,Cliente 01564,2025-10-10,,,,Novo,Ativo
1565,Cliente 01565,2024-07-13,,,,Novo,Ativo
1566,Cliente 01566,2024-11-27,,,,Novo,Ativo
1567,Cliente 01567,2024-06-18,,,,Recorrente,Ativo
1568,Cliente 01568,2025-06-04,,,,VIP,Ativo
1569,Cliente 01569,2025-04-07,,,,VIP,Ativo
1570,Cliente 01570,2024-02-09,,,,Recorrente,Ativo
1571,Cliente 01571,2025-06-20,,,,Recorrente,Ativo
1572,Cliente 01572,2024-09-17,,,,Recorrente,Ativo
1573,Cliente 01573,2025-01-29,,,,Novo,Ativo
1574,Cliente 01574,2024-08-13,,,,Recorrente,Ativo
1575,Cliente 01575,2024-05-03,,,,Novo,Ativo
1576,Cliente 01576,2024-02-07,,,,Novo,Ativo
1577,Cliente 01577,2024-11-23,,,,Recorrente,Ativo
1578,Cliente 01578,2024-09-07,,,,Novo,Ativo
1579,Cliente 01579,2024-06-24,,,,Novo,Ativo
1580,Cliente 01580,2025-08-24,,,,VIP,Ativo
1581,Cliente 01581,2025-03-29,,,,Novo,Ativo
1582,Cliente 01582,2024-02-06,,,,Novo,Ativo
1583,Cliente 01583,2024-11-11,,,,VIP,Ativo
1584,Cliente 01584,2025-11-18,,,,Recorrente,Ativo
1585,Cliente 01585,2025-08-15,,,,Novo,Ativo
1586,Cliente 01586,2024-04-23,,,,Novo,Ativo
1587,Cliente 01587,2024-02-09,,,,Novo,Ativo
1588,Cliente 01588,2024-10-27,,,,Recorrente,Ativo
1589,Cliente 01589,2024-08-11,,,,Recorrente,Inativo
1590,Cliente 01590,2024-11-13,,,,Novo,Ativo
1591,Cliente 01591,2024-12-14,,,,Novo,Ativo
1592,Cliente 01592,2024-04-24,,,,Novo,Ativo
1593,Cliente 01593,2025-11-28,,,,VIP,Ativo
1594,Cliente 01594,2024-11-18,,,,Novo,Ativo
1595,Cliente 01595,2025-07-21,,,,Recorrente,Ativo
1596,Cliente 01596,2024-02-09,,,,Novo,Ativo
1597,Cliente 01597,2024-02-09,,,,Recorrente,Ativo
1598,Cliente 01598,2024-10-15,,,,VIP,Ativo
1599,Cliente 01599,2024-09-18,,,,Recorrente,Ativo
1600,Cliente 01600,2024-08-03,,,,Novo,Ativo
1601,Cliente 01601,2024-05-26,,,,Recorrente,Inativo
1602,Cliente 01602,2024-12-01,,,,Recorrente,Ativo
1603,Cliente 01603,2024-06-16,,,,Novo,Ativo
1604,Cliente 01604,2024-04-01,,,,Recorrente,Ativo
1605,Cliente 01605,2024-12-18,,,,Recorrente,Ativo
1606,Cliente 01606,2025-07-24,,,,Recorrente,Ativo
1607,Cliente 01607,2025-07-24,,,,Recorrente,Ativo
1608,Cliente 01608,2025-11-11,,,,Novo,Ativo
1609,Cliente 01609,2024-12-28,,,,Novo,Ativo
1610,Cliente 01610,2025-07-10,,,,Novo,Ativo
1611,Cliente 01611,2024-12-10,,,,VIP,Ativo
1612,Cliente 01612,2025-11-23,,,,Recorrente,Ativo
1613,Cliente 01613,2024-06-18,,,,Recorrente,Ativo
1614,Cliente 01614,2024-12-21,,,,Novo,Ativo
1615,Cliente 01615,2024-07-09,,,,Novo,Ativo
1616,Cliente 01616,2025-10-28,,,,Recorrente,Ativo
1617,Cliente 01617,2025-02-25,,,,Novo,Ativo
1618,Cliente 01618,2025-11-30,,,,Novo,Ativo
1619,Cliente 01619,2024-01-07,,,,Recorrente,Ativo
1620,Cliente 01620,2024-05-12,,,,Novo,Ativo
1621,Cliente 01621,2025-07-10,,,,Novo,Ativo
1622,Cliente 01622,2024-01-31,,,,Novo,Ativo
1623,Cliente 01623,2025-06-18,,,,Novo,Ativo
1624,Cliente 01624,2025-03-01,,,,VIP,Ativo
1625,Cliente 01625,2025-01-28,,,,Novo,Ativo
1626,Cliente 01626,2025-11-02,,,,Novo,Ativo
1627,Cliente 01627,2024-12-28,,,,Novo,Ativo
1628,Cliente 01628,2025-03-12,,,,Recorrente,Ativo
1629,Cliente 01629,2025-10-31,,,,Novo,Ativo
1630,Cliente 01630,2025-07-04,,,,Recorrente,Ativo
1631,Cliente 01631,2024-03-22,,,,Novo,Ativo
1632,Cliente 01632,2024-12-21,,,,Novo,Ativo
1633,Cliente 01633,2024-09-14,,,,Novo,Ativo
1634,Cliente 01634,2025-12-18,,,,Recorrente,Ativo
1635,Cliente 01635,2025-08-11,,,,Recorrente,Ativo
1636,Cliente 01636,2025-06-07,,,,Novo,Ativo
1637,Cliente 01637,2024-10-21,,,,Novo,Ativo
1638,Cliente 01638,2024-08-11,,,,VIP,Ativo
1639,Cliente 01639,2025-06-08,,,,Novo,Ativo
1640,Cliente 01640,2024-02-15,,,,Recorrente,Ativo
1641,Cliente 01641,2025-10-28,,,,Novo,Ativo
1642,Cliente 01642,2024-04-22,,,,VIP,Ativo
1643,Cliente 01643,2024-08-20,,,,Recorrente,Ativo
1644,Cliente 01644,2024-01-17,,,,VIP,Ativo
1645,Cliente 01645,2024-12-25,,,,Recorrente,Ativo
1646,Cliente 01646,2024-08-10,,,,Novo,Ativo
1647,Cliente 01647,2025-11-30,,,,VIP,Ativo
1648,Cliente 01648,2025-03-23,,,,Novo,Ativo
1649,Cliente 01649,2024-12-30,,,,Novo,Ativo
1650,Cliente 01650,2025-11-05,,,,Recorrente,Ativo
1651,Cliente 01651,2024-11-21,,,,Recorrente,Ativo
1652,Cliente 01652,2025-04-11,,,,VIP,Ativo
1653,Cliente 01653,2025-02-17,,,,Novo,Ativo
1654,Cliente 01654,2025-03-30,,,,Recorrente,Inativo
1655,Cliente 01655,2025-08-08,,,,Recorrente,Ativo
1656,Cliente 01656,2024-08-20,,,,Novo,Ativo
1657,Cliente 01657,2024-08-11,,,,Novo,Ativo
1658,Cliente 01658,2025-02-15,,,,Novo,Ativo
1659,Cliente 01659,2025-07-25,,,,Novo,Ativo
1660,Cliente 01660,2024-11-30,,,,VIP,Ativo
1661,Cliente 01661,2024-08-09,,,,Recorrente,Ativo
1662,Cliente 01662,2024-02-06,,,,Recorrente,Ativo
1663,Cliente 01663,2024-10-04,,,,VIP,Ativo
1664,Cliente 01664,2024-07-14,,,,Novo,Ativo
1665,Cliente 01665,2025-04-28,,,,Recorrente,Ativo
1666,Cliente 01666,2024-08-29,,,,Novo,Ativo
1667,Cliente 01667,2024-11-19,,,,Recorrente,Ativo
1668,Cliente 01668,2025-12-31,,,,Novo,Ativo
1669,Cliente 01669,2024-07-10,,,,VIP,Inativo
1670,Cliente 01670,2024-01-17,,,,Novo,Ativo
1671,Cliente 01671,2025-06-07,,,,Novo,Ativo
1672,Cliente 01672,2025-02-04,,,,Recorrente,Ativo
1673,Cliente 01673,2025-12-05,,,,Novo,Ativo
1674,Cliente 01674,2024-01-22,,,,Recorrente,Ativo
1675,Cliente 01675,2025-04-18,,,,Novo,Ativo
1676,Cliente 01676,2024-04-29,,,,Recorrente,Ativo
1677,Cliente 01677,2024-07-28,,,,Novo,Ativo
1678,Cliente 01678,2024-11-01,,,,Novo,Ativo
1679,Cliente 01679,2024-09-26,,,,Novo,Ativo
1680,Cliente 01680,2025-12-04,,,,Novo,Ativo
1681,Cliente 01681,2025-11-17,,,,Novo,Inativo
1682,Cliente 01682,2024-10-11,,,,Novo,Ativo
1683,Cliente 01683,2025-12-16,,,,Novo,Ativo
1684,Cliente 01684,2025-11-06,,,,Novo,Ativo
1685,Cliente 01685,2024-08-14,,,,Recorrente,Ativo
1686,Cliente 01686,2025-01-15,,,,Recorrente,Ativo
1687,Cliente 01687,2025-04-04,,,,Novo,Ativo
1688,Cliente 01688,2024-01-07,,,,Recorrente,Ativo
1689,Cliente 01689,2024-01-29,,,,Recorrente,Ativo
1690,Cliente 01690,2024-02-02,,,,Novo,Ativo
1691,Cliente 01691,2025-10-07,,,,Recorrente,Ativo
1692,Cliente 01692,2024-03-19,,,,Novo,Ativo
1693,Cliente 01693,2025-04-03,,,,Novo,Ativo
1694,Cliente 01694,2025-07-23,,,,Novo,Ativo
1695,Cliente 01695,2025-06-21,,,,Recorrente,Ativo
1696,Cliente 01696,2025-04-26,,,,Recorrente,Ativo
1697,Cliente 01697,2025-03-05,,,,Novo,Ativo
1698,Cliente 01698,2024-10-11,,,,Novo,Ativo
1699,Cliente 01699,2025-05-30,,,,VIP,Ativo
1700,Cliente 01700,2024-04-08,,,,Novo,Ativo
1701,Cliente 01701,2025-01-31,,,,Novo,Ativo
1702,Cliente 01702,2025-05-03,,,,VIP,Ativo
1703,Cliente 01703,2024-02-08,,,,Recorrente,Ativo
1704,Cliente 01704,2024-09-27,,,,Recorrente,Inativo
1705,Cliente 01705,2024-06-05,,,,Recorrente,Ativo
1706,Cliente 01706,2024-03-15,,,,Recorrente,Ativo
1707,Cliente 01707,2024-05-09,,,,Novo,Inativo
1708,Cliente 01708,2025-11-17,,,,Novo,Ativo
1709,Cliente 01709,2024-03-24,,,,Novo,Ativo
1710,Cliente 01710,2024-01-22,,,,VIP,Ativo
1711,Cliente 01711,2025-04-03,,,,Recorrente,Ativo
1712,Cliente 01712,2025-06-22,,,,Novo,Ativo
1713,Cliente 01713,2025-12-07,,,,Recorrente,Inativo
1714,Cliente 01714,2025-01-16,,,,Novo,Ativo
1715,Cliente 01715,2025-03-15,,,,Novo,Ativo
1716,Cliente 01716,2025-08-26,,,,Novo,Ativo
1717,Cliente 01717,2024-01-21,,,,Novo,Ativo
1718,Cliente 01718,2024-10-29,,,,Recorrente,Ativo
1719,Cliente 01719,2024-03-24,,,,Novo,Ativo
1720,Cliente 01720,2025-10-20,,,,Recorrente,Ativo
1721,Cliente 01721,2025-03-28,,,,Recorrente,Ativo
1722,Cliente 01722,2025-01-21,,,,Novo,Inativo
1723,Cliente 01723,2025-05-21,,,,VIP,Ativo
1724,Cliente 01724,2024-09-13,,,,Novo,Ativo
1725,Cliente 01725,2025-07-23,,,,Novo,Ativo
1726,Cliente 01726,2025-06-10,,,,Novo,Ativo
1727,Cliente 01727,2024-06-10,,,,Recorrente,Ativo
1728,Cliente 01728,2024-06-11,,,,Novo,Ativo
1729,Cliente 01729,2025-06-07,,,,Novo,Ativo
1730,Cliente 01730,2024-09-27,,,,Novo,Ativo
1731,Cliente 01731,2025-05-06,,,,Novo,Inativo
1732,Cliente 01732,2024-07-26,,,,Recorrente,Ativo
1733,Cliente 01733,2025-06-22,,,,Novo,Inativo
1734,Cliente 01734,2025-08-06,,,,Novo,Ativo
1735,Cliente 01735,2024-02-29,,,,Novo,Ativo
1736,Cliente 01736,2025-03-05,,,,Novo,Ativo
1737,Cliente 01737,2025-10-18,,,,VIP,Ativo
1738,Cliente 01738,2025-08-27,,,,Novo,Ativo
1739,Cliente 01739,2024-11-04,,,,VIP,Ativo
1740,Cliente 01740,2025-06-03,,,,Novo,Ativo
1741,Cliente 01741,2025-08-13,,,,Novo,Inativo
1742,Cliente 01742,2024-01-27,,,,Recorrente,Ativo
1743,Cliente 01743,2025-11-16,,,,Novo,Ativo
1744,Cliente 01744,2025-07-15,,,,Recorrente,Ativo
1745,Cliente 01745,2024-07-17,,,,VIP,Ativo
1746,Cliente 01746,2025-01-21,,,,Novo,Ativo
1747,Cliente 01747,2024-12-14,,,,Novo,Ativo
1748,Cliente 01748,2025-11-23,,,,Recorrente,Ativo
1749,Cliente 01749,2025-06-19,,,,Novo,Ativo
1750,Cliente 01750,2025-01-12,,,,Novo,Ativo
1751,Cliente 01751,2025-07-11,,,,Novo,Ativo
1752,Cliente 01752,2025-06-10,,,,Novo,Ativo
1753,Cliente 01753,2024-06-01,,,,Recorrente,Ativo
1754,Cliente 01754,2024-07-24,,,,Novo,Inativo
1755,Cliente 01755,2025-03-30,,,,Novo,Ativo
1756,Cliente 01756,2024-09-29,,,,Recorrente,Ativo
1757,Cliente 01757,2024-08-23,,,,Novo,Ativo
1758,Cliente 01758,2025-06-04,,,,Novo,Ativo
1759,Cliente 01759,2025-11-08,,,,Recorrente,Ativo
1760,Cliente 01760,2025-12-26,,,,Novo,Ativo
1761,Cliente 01761,2025-05-15,,,,Recorrente,Ativo
1762,Cliente 01762,2024-04-26,,,,Recorrente,Inativo
1763,Cliente 01763,2025-01-20,,,,Novo,Ativo
1764,Cliente 01764,2024-12-09,,,,Novo,Ativo
1765,Cliente 01765,2025-08-06,,,,Novo,Ativo
1766,Cliente 01766,2025-01-29,,,,Novo,Ativo
1767,Cliente 01767,2024-03-04,,,,Recorrente,Ativo
1768,Cliente 01768,2025-12-17,,,,Recorrente,Ativo
1769,Cliente 01769,2025-12-21,,,,Novo,Inativo
1770,Cliente 01770,2024-03-12,,,,Recorrente,Ativo
1771,Cliente 01771,2024-09-30,,,,VIP,Inativo
1772,Cliente 01772,2024-11-15,,,,VIP,Ativo
1773,Cliente 01773,2024-12-03,,,,Novo,Ativo
1774,Cliente 01774,2024-12-31,,,,Novo,Ativo
1775,Cliente 01775,2025-05-09,,,,Novo,Ativo
1776,Cliente 01776,2025-08-29,,,,VIP,Ativo
1777,Cliente 01777,2024-06-14,,,,Novo,Ativo
1778,Cliente 01778,2025-06-27,,,,Recorrente,Ativo
1779,Cliente 01779,2024-01-11,,,,Novo,Ativo
1780,Cliente 01780,2024-10-27,,,,Novo,Ativo
1781,Cliente 01781,2025-12-29,,,,Novo,Inativo
1782,Cliente 01782,2024-04-11,,,,VIP,Ativo
1783,Cliente 01783,2025-02-28,,,,Novo,Ativo
1784,Cliente 01784,2025-01-26,,,,Recorrente,Ativo
1785,Cliente 01785,2024-08-01,,,,Novo,Ativo
1786,Cliente 01786,2025-11-21,,,,Novo,Ativo
1787,Cliente 01787,2024-03-28,,,,Novo,Ativo
1788,Cliente 01788,2025-07-06,,,,Novo,Ativo
1789,Cliente 01789,2025-02-04,,,,Novo,Ativo
1790,Cliente 01790,2025-08-10,,,,Novo,Ativo
1791,Cliente 01791,2024-02-15,,,,Novo,Ativo
1792,Cliente 01792,2025-11-02,,,,Novo,Ativo
1793,Cliente 01793,2025-04-07,,,,VIP,Ativo
1794,Cliente 01794,2025-08-14,,,,VIP,Ativo
1795,Cliente 01795,2024-11-05,,,,Novo,Ativo
1796,Cliente 01796,2024-03-26,,,,Recorrente,Ativo
1797,Cliente 01797,2024-04-01,,,,VIP,Ativo
1798,Cliente 01798,2025-10-21,,,,Novo,Ativo
1799,Cliente 01799,2025-11-03,,,,Recorrente,Ativo
1800,Cliente 01800,2025-12-14,,,,VIP,Ativo
1801,Cliente 01801,2024-08-29,,,,Novo,Ativo
1802,Cliente 01802,2024-01-02,,,,Novo,Ativo
1803,Cliente 01803,2024-08-12,,,,VIP,Ativo
1804,Cliente 01804,2025-08-11,,,,Novo,Ativo
1805,Cliente 01805,2024-04-25,,,,Novo,Ativo
1806,Cliente 01806,2025-10-27,,,,Novo,Inativo
1807,Cliente 01807,2024-04-12,,,,Novo,Ativo
1808,Cliente 01808,2024-07-12,,,,Recorrente,Ativo
1809,Cliente 01809,2024-06-14,,,,Recorrente,Ativo
1810,Cliente 01810,2024-03-30,,,,VIP,Ativo
1811,Cliente 01811,2025-11-16,,,,Novo,Ativo
1812,Cliente 01812,2024-05-01,,,,Novo,Ativo
1813,Cliente 01813,2024-05-22,,,,Novo,Ativo
1814,Cliente 01814,2024-04-15,,,,Novo,Ativo
1815,Cliente 01815,2025-03-03,,,,Novo,Ativo
1816,Cliente 01816,2024-10-31,,,,VIP,Ativo
1817,Cliente 01817,2024-11-12,,,,Recorrente,Ativo
1818,Cliente 01818,2025-09-26,,,,Novo,Ativo
1819,Cliente 01819,2024-01-09,,,,Recorrente,Ativo
1820,Cliente 01820,2024-03-13,,,,Novo,Ativo
1821,Cliente 01821,2024-12-24,,,,Novo,Inativo
1822,Cliente 01822,2024-08-10,,,,Recorrente,Ativo
1823,Cliente 01823,2025-02-19,,,,Novo,Ativo
1824,Cliente 01824,2025-07-06,,,,VIP,Ativo
1825,Cliente 01825,2025-01-04,,,,Recorrente,Ativo
1826,Cliente 01826,2025-12-16,,,,Novo,Ativo
1827,Cliente 01827,2024-09-20,,,,Recorrente,Ativo
1828,Cliente 01828,2025-11-20,,,,Novo,Ativo
1829,Cliente 01829,2024-11-13,,,,Novo,Ativo
1830,Cliente 01830,2024-03-24,,,,Novo,Ativo
1831,Cliente 01831,2024-11-13,,,,Novo,Ativo
1832,Cliente 01832,2024-04-20,,,,Recorrente,Ativo
1833,Cliente 01833,2024-09-07,,,,Novo,Inativo
1834,Cliente 01834,2025-01-17,,,,Recorrente,Ativo
1835,Cliente 01835,2024-01-07,,,,Recorrente,Ativo
1836,Cliente 01836,2025-04-03,,,,Novo,Ativo
1837,Cliente 01837,2024-03-24,,,,Recorrente,Ativo
1838,Cliente 01838,2024-07-26,,,,Novo,Ativo
1839,Cliente 01839,2025-01-24,,,,Novo,Ativo
1840,Cliente 01840,2024-11-09,,,,Novo,Ativo
1841,Cliente 01841,2024-01-22,,,,Novo,Ativo
1842,Cliente 01842,2025-02-13,,,,Novo,Ativo
1843,Cliente 01843,2025-05-29,,,,Recorrente,Ativo
1844,Cliente 01844,2024-05-06,,,,Novo,Ativo
1845,Cliente 01845,2025-11-30,,,,Novo,Ativo
1846,Cliente 01846,2024-01-14,,,,VIP,Inativo
1847,Cliente 01847,2024-01-12,,,,Recorrente,Ativo
1848,Cliente 01848,2024-03-27,,,,Recorrente,Ativo
1849,Cliente 01849,2025-06-07,,,,Novo,Ativo
1850,Cliente 01850,2025-06-20,,,,Recorrente,Ativo
1851,Cliente 01851,2024-10-27,,,,Recorrente,Ativo
1852,Cliente 01852,2024-08-30,,,,Recorrente,Ativo
1853,Cliente 01853,2024-05-01,,,,Recorrente,Ativo
1854,Cliente 01854,2024-05-26,,,,Novo,Ativo
1855,Cliente 01855,2025-07-20,,,,Novo,Ativo
1856,Cliente 01856,2024-12-21,,,,Novo,Ativo
1857,Cliente 01857,2025-11-15,,,,Novo,Ativo
1858,Cliente 01858,2025-09-22,,,,Recorrente,Ativo
1859,Cliente 01859,2024-11-04,,,,Novo,Ativo
1860,Cliente 01860,2025-11-25,,,,VIP,Ativo
1861,Cliente 01861,2024-10-14,,,,VIP,Ativo
1862,Cliente 01862,2024-11-02,,,,Novo,Ativo
1863,Cliente 01863,2025-08-16,,,,Novo,Inativo
1864,Cliente 01864,2025-12-23,,,,Recorrente,Ativo
1865,Cliente 01865,2025-10-23,,,,VIP,Ativo
1866,Cliente 01866,2025-07-02,,,,Novo,Ativo
1867,Cliente 01867,2024-12-17,,,,Novo,Ativo
1868,Cliente 01868,2024-11-07,,,,Novo,Ativo
1869,Cliente 01869,2024-02-28,,,,Recorrente,Ativo
1870,Cliente 01870,2025-10-04,,,,Novo,Ativo
1871,Cliente 01871,2025-12-14,,,,Recorrente,Ativo
1872,Cliente 01872,2024-02-04,,,,Novo,Ativo
1873,Cliente 01873,2025-03-20,,,,Novo,Inativo
1874,Cliente 01874,2024-04-02,,,,Novo,Ativo
1875,Cliente 01875,2024-07-25,,,,Novo,Ativo
1876,Cliente 01876,2024-12-18,,,,Novo,Ativo
1877,Cliente 01877,2024-11-27,,,,Novo,Ativo
1878,Cliente 01878,2025-12-25,,,,Novo,Ativo
1879,Cliente 01879,2024-06-07,,,,Novo,Ativo
1880,Cliente 01880,2024-01-24,,,,Novo,Ativo
1881,Cliente 01881,2025-02-07,,,,VIP,Ativo
1882,Cliente 01882,2025-05-30,,,,Novo,Ativo
1883,Cliente 01883,2024-12-29,,,,Novo,Ativo
1884,Cliente 01884,2025-01-16,,,,Recorrente,Ativo
1885,Cliente 01885,2025-06-15,,,,VIP,Ativo
1886,Cliente 01886,2024-05-31,,,,Novo,Ativo
1887,Cliente 01887,2025-07-15,,,,Recorrente,Ativo
1888,Cliente 01888,2025-11-19,,,,Recorrente,Ativo
1889,Cliente 01889,2025-08-30,,,,Recorrente,Ativo
1890,Cliente 01890,2025-09-08,,,,Novo,Ativo
1891,Cliente 01891,2025-02-23,,,,Recorrente,Ativo
1892,Cliente 01892,2024-09-06,,,,Novo,Ativo
1893,Cliente 01893,2024-04-26,,,,Recorrente,Ativo
1894,Cliente 01894,2025-05-26,,,,Recorrente,Ativo
1895,Cliente 01895,2025-07-31,,,,Novo,Ativo
1896,Cliente 01896,2024-11-30,,,,Recorrente,Ativo
1897,Cliente 01897,2025-02-21,,,,Novo,Ativo
1898,Cliente 01898,2024-10-21,,,,Recorrente,Ativo
1899,Cliente 01899,2025-01-05,,,,Novo,Ativo
1900,Cliente 01900,2024-07-04,,,,Novo,Ativo
1901,Cliente 01901,2024-09-02,,,,Novo,Ativo
1902,Cliente 01902,2025-09-28,,,,VIP,Inativo
1903,Cliente 01903,2024-09-24,,,,Novo,Ativo
1904,Cliente 01904,2025-10-04,,,,Novo,Ativo
1905,Cliente 01905,2024-08-24,,,,Novo,Ativo
1906,Cliente 01906,2025-06-13,,,,Recorrente,Ativo
1907,Cliente 01907,2025-07-05,,,,Novo,Ativo
1908,Cliente 01908,2024-01-21,,,,Novo,Inativo
1909,Cliente 01909,2025-06-03,,,,Novo,Ativo
1910,Cliente 01910,2024-04-09,,,,Novo,Inativo
1911,Cliente 01911,2025-04-22,,,,Novo,Ativo
1912,Cliente 01912,2025-08-21,,,,Novo,Ativo
1913,Cliente 01913,2024-10-24,,,,Recorrente,Ativo
1914,Cliente 01914,2025-06-09,,,,Novo,Ativo
1915,Cliente 01915,2024-11-29,,,,Novo,Ativo
1916,Cliente 01916,2024-01-02,,,,Novo,Ativo
1917,Cliente 01917,2025-01-09,,,,VIP,Ativo
1918,Cliente 01918,2024-10-19,,,,VIP,Ativo
1919,Cliente 01919,2025-07-06,,,,Recorrente,Ativo
1920,Cliente 01920,2024-11-13,,,,Novo,Ativo
1921,Cliente 01921,2025-05-16,,,,Novo,Inativo
1922,Cliente 01922,2025-01-15,,,,Novo,Ativo
1923,Cliente 01923,2025-09-14,,,,Novo,Ativo
1924,Cliente 01924,2024-01-14,,,,Novo,Ativo
1925,Cliente 01925,2025-05-18,,,,Recorrente,Ativo
1926,Cliente 01926,2024-08-18,,,,Recorrente,Ativo
1927,Cliente 01927,2024-03-24,,,,Recorrente,Ativo
1928,Cliente 01928,2024-05-09,,,,Novo,Ativo
1929,Cliente 01929,2024-05-24,,,,Recorrente,Ativo
1930,Cliente 01930,2024-01-28,,,,Novo,Ativo
1931,Cliente 01931,2024-03-06,,,,Novo,Ativo
1932,Cliente 01932,2024-06-11,,,,Recorrente,Ativo
1933,Cliente 01933,2024-08-16,,,,Novo,Ativo
1934,Cliente 01934,2024-09-17,,,,Novo,Ativo
1935,Cliente 01935,2025-03-24,,,,Novo,Ativo
1936,Cliente 01936,2025-02-27,,,,Recorrente,Ativo
1937,Cliente 01937,2025-04-04,,,,Recorrente,Ativo
1938,Cliente 01938,2025-11-06,,,,Novo,Ativo
1939,Cliente 01939,2024-10-27,,,,Recorrente,Ativo
1940,Cliente 01940,2024-10-29,,,,Novo,Ativo
1941,Cliente 01941,2024-10-13,,,,Novo,Ativo
1942,Cliente 01942,2025-01-29,,,,Recorrente,Ativo
1943,Cliente 01943,2024-01-10,,,,Recorrente,Ativo
1944,Cliente 01944,2025-12-07,,,,VIP,Ativo
1945,Cliente 01945,2025-09-21,,,,Novo,Ativo
1946,Cliente 01946,2024-09-26,,,,Recorrente,Inativo
1947,Cliente 01947,2025-08-14,,,,Recorrente,Ativo
1948,Cliente 01948,2025-08-27,,,,VIP,Ativo
1949,Cliente 01949,2024-12-26,,,,Novo,Ativo
1950,Cliente 01950,2024-09-13,,,,Recorrente,Ativo
1951,Cliente 01951,2024-05-12,,,,Recorrente,Ativo
1952,Cliente 01952,2024-10-02,,,,Novo,Ativo
1953,Cliente 01953,2025-11-13,,,,Novo,Ativo
1954,Cliente 01954,2025-05-27,,,,Novo,Ativo
1955,Cliente 01955,2024-11-08,,,,Recorrente,Ativo
1956,Cliente 01956,2025-07-29,,,,Recorrente,Ativo
1957,Cliente 01957,2024-10-10,,,,Recorrente,Ativo
1958,Cliente 01958,2024-04-30,,,,Recorrente,Ativo
1959,Cliente 01959,2024-04-16,,,,Novo,Ativo
1960,Cliente 01960,2025-11-17,,,,Novo,Ativo
1961,Cliente 01961,2024-07-22,,,,Novo,Ativo
1962,Cliente 01962,2024-06-13,,,,Novo,Ativo
1963,Cliente 01963,2024-10-31,,,,Novo,Ativo
1964,Cliente 01964,2025-05-11,,,,Novo,Ativo
1965,Cliente 01965,2025-09-23,,,,Novo,Ativo
1966,Cliente 01966,2025-07-09,,,,Novo,Ativo
1967,Cliente 01967,2024-06-04,,,,Novo,Ativo
1968,Cliente 01968,2025-01-01,,,,Novo,Ativo
1969,Cliente 01969,2025-12-19,,,,Novo,Ativo
1970,Cliente 01970,2025-09-11,,,,VIP,Ativo
1971,Cliente 01971,2024-09-07,,,,Recorrente,Ativo
1972,Cliente 01972,2024-11-29,,,,Recorrente,Ativo
1973,Cliente 01973,2025-10-03,,,,Novo,Ativo
1974,Cliente 01974,2025-05-25,,,,Recorrente,Ativo
1975,Cliente 01975,2024-10-19,,,,Recorrente,Ativo
1976,Cliente 01976,2024-01-20,,,,Recorrente,Ativo
1977,Cliente 01977,2024-10-08,,,,Novo,Ativo
1978,Cliente 01978,2024-01-01,,,,Recorrente,Ativo
1979,Cliente 01979,2024-04-28,,,,Recorrente,Ativo
1980,Cliente 01980,2024-02-04,,,,Recorrente,Ativo
1981,Cliente 01981,2024-07-16,,,,Recorrente,Ativo
1982,Cliente 01982,2025-04-29,,,,Novo,Ativo
1983,Cliente 01983,2024-02-28,,,,Novo,Ativo
1984,Cliente 01984,2024-06-09,,,,Novo,Ativo
1985,Cliente 01985,2025-11-21,,,,Recorrente,Ativo
1986,Cliente 01986,2024-07-24,,,,Novo,Ativo
1987,Cliente 01987,2024-01-12,,,,Novo,Ativo
1988,Cliente 01988,2025-05-04,,,,Novo,Ativo
1989,Cliente 01989,2024-10-02,,,,Novo,Ativo
1990,Cliente 01990,2025-11-23,,,,Novo,Ativo
1991,Cliente 01991,2024-08-29,,,,Recorrente,Inativo
1992,Cliente 01992,2024-08-03,,,,Recorrente,Ativo
1993,Cliente 01993,2024-09-07,,,,Novo,Ativo
1994,Cliente 01994,2024-05-05,,,,Novo,Ativo
1995,Cliente 01995,2024-08-04,,,,Novo,Ativo
1996,Cliente 01996,2024-11-01,,,,Recorrente,Ativo
1997,Cliente 01997,2024-07-03,,,,Novo,Ativo
1998,Cliente 01998,2024-02-08,,,,Novo,Ativo
1999,Cliente 01999,2024-08-10,,,,Novo,Ativo
2000,Cliente 02000,2024-07-02,,,,Recorrente,Ativo
2001,Cliente 02001,2025-05-09,,,,Recorrente,Ativo
2002,Cliente 02002,2025-03-02,,,,Recorrente,Ativo
2003,Cliente 02003,2024-06-26,,,,Recorrente,Ativo
2004,Cliente 02004,2025-03-03,,,,Novo,Ativo
2005,Cliente 02005,2024-10-20,,,,Novo,Inativo
2006,Cliente 02006,2024-05-30,,,,Novo,Ativo
2007,Cliente 02007,2025-01-18,,,,Novo,Ativo
2008,Cliente 02008,2025-09-29,,,,Novo,Ativo
2009,Cliente 02009,2024-11-03,,,,Novo,Ativo
2010,Cliente 02010,2024-12-01,,,,Novo,Ativo
2011,Cliente 02011,2025-01-09,,,,VIP,Ativo
2012,Cliente 02012,2024-01-08,,,,Recorrente,Ativo
2013,Cliente 02013,2024-12-06,,,,Recorrente,Ativo
2014,Cliente 02014,2024-05-08,,,,Recorrente,Ativo
2015,Cliente 02015,2025-10-30,,,,Novo,Ativo
2016,Cliente 02016,2024-12-17,,,,Recorrente,Ativo
2017,Cliente 02017,2024-12-23,,,,Novo,Ativo
2018,Cliente 02018,2025-05-31,,,,Recorrente,Inativo
2019,Cliente 02019,2025-05-09,,,,Novo,Ativo
2020,Cliente 02020,2024-03-26,,,,VIP,Inativo
2021,Cliente 02021,2024-06-23,,,,Novo,Ativo
2022,Cliente 02022,2024-07-11,,,,Novo,Ativo
2023,Cliente 02023,2024-11-06,,,,VIP,Ativo
2024,Cliente 02024,2024-04-28,,,,Novo,Ativo
2025,Cliente 02025,2024-08-05,,,,Recorrente,Ativo
2026,Cliente 02026,2025-03-02,,,,Recorrente,Ativo
2027,Cliente 02027,2025-02-17,,,,Recorrente,Inativo
2028,Cliente 02028,2024-04-23,,,,VIP,Ativo
2029,Cliente 02029,2024-05-24,,,,VIP,Ativo
2030,Cliente 02030,2025-06-21,,,,Novo,Ativo
2031,Cliente 02031,2025-10-09,,,,Recorrente,Ativo
2032,Cliente 02032,2024-10-29,,,,Recorrente,Ativo
2033,Cliente 02033,2025-08-10,,,,Recorrente,Ativo
2034,Cliente 02034,2024-12-10,,,,Novo,Ativo
2035,Cliente 02035,2024-01-01,,,,Recorrente,Inativo
2036,Cliente 02036,2024-05-26,,,,VIP,Ativo
2037,Cliente 02037,2024-10-13,,,,VIP,Ativo
2038,Cliente 02038,2025-10-15,,,,Novo,Ativo
2039,Cliente 02039,2024-02-22,,,,Novo,Ativo
2040,Cliente 02040,2024-10-30,,,,Novo,Inativo
2041,Cliente 02041,2024-03-09,,,,Recorrente,Ativo
2042,Cliente 02042,2024-12-26,,,,Recorrente,Ativo
2043,Cliente 02043,2025-08-24,,,,Novo,Ativo
2044,Cliente 02044,2024-08-07,,,,Novo,Ativo
2045,Cliente 02045,2025-12-04,,,,Novo,Ativo
2046,Cliente 02046,2025-07-28,,,,Novo,Ativo
2047,Cliente 02047,2025-08-07,,,,VIP,Ativo
2048,Cliente 02048,2024-06-09,,,,Recorrente,Ativo
2049,Cliente 02049,2025-11-11,,,,Novo,Ativo
2050,Cliente 02050,2024-03-29,,,,Novo,Ativo
2051,Cliente 02051,2025-11-18,,,,Novo,Ativo
2052,Cliente 02052,2025-08-07,,,,VIP,Ativo
2053,Cliente 02053,2025-08-11,,,,Novo,Ativo
2054,Cliente 02054,2024-06-07,,,,Novo,Ativo
2055,Cliente 02055,2025-05-03,,,,Novo,Ativo
2056,Cliente 02056,2024-11-19,,,,Recorrente,Ativo
2057,Cliente 02057,2025-09-01,,,,Recorrente,Ativo
2058,Cliente 02058,2025-01-15,,,,Recorrente,Ativo
2059,Cliente 02059,2024-04-11,,,,Novo,Ativo
2060,Cliente 02060,2025-05-08,,,,Novo,Ativo
2061,Cliente 02061,2025-10-05,,,,Novo,Ativo
2062,Cliente 02062,2025-09-05,,,,Recorrente,Ativo
2063,Cliente 02063,2024-01-19,,,,Novo,Ativo
2064,Cliente 02064,2025-03-29,,,,Recorrente,Ativo
2065,Cliente 02065,2025-04-26,,,,Recorrente,Ativo
2066,Cliente 02066,2025-08-16,,,,Recorrente,Ativo
2067,Cliente 02067,2025-01-31,,,,Novo,Ativo
2068,Cliente 02068,2024-10-05,,,,Novo,Ativo
2069,Cliente 02069,2024-12-30,,,,Novo,Ativo
2070,Cliente 02070,2024-11-26,,,,Recorrente,Ativo
2071,Cliente 02071,2025-10-02,,,,Recorrente,Ativo
2072,Cliente 02072,2024-12-09,,,,Novo,Ativo
2073,Cliente 02073,2025-03-30,,,,Novo,Ativo
2074,Cliente 02074,2025-08-23,,,,Recorrente,Ativo
2075,Cliente 02075,2025-12-25,,,,Recorrente,Inativo
2076,Cliente 02076,2025-10-16,,,,Novo,Ativo
2077,Cliente 02077,2024-03-05,,,,Recorrente,Ativo
2078,Cliente 02078,2024-03-16,,,,Novo,Ativo
2079,Cliente 02079,2025-12-11,,,,Novo,Ativo
2080,Cliente 02080,2024-05-22,,,,VIP,Ativo
2081,Cliente 02081,2025-08-27,,,,Recorrente,Ativo
2082,Cliente 02082,2025-04-17,,,,Recorrente,Ativo
2083,Cliente 02083,2025-02-20,,,,Novo,Inativo
2084,Cliente 02084,2024-10-31,,,,Recorrente,Ativo
2085,Cliente 02085,2025-05-11,,,,Novo,Ativo
2086,Cliente 02086,2024-10-17,,,,Novo,Ativo
2087,Cliente 02087,2024-04-11,,,,Novo,Ativo
2088,Cliente 02088,2024-09-23,,,,Novo,Ativo
2089,Cliente 02089,2025-09-13,,,,Recorrente,Ativo
2090,Cliente 02090,2024-01-03,,,,Recorrente,Ativo
2091,Cliente 02091,2024-03-25,,,,Novo,Ativo
2092,Cliente 02092,2024-11-23,,,,Novo,Ativo
2093,Cliente 02093,2025-03-25,,,,Novo,Ativo
2094,Cliente 02094,2025-03-29,,,,Novo,Inativo
2095,Cliente 02095,2025-09-20,,,,Recorrente,Ativo
2096,Cliente 02096,2024-08-08,,,,Recorrente,Ativo
2097,Cliente 02097,2024-06-02,,,,Novo,Ativo
2098,Cliente 02098,2025-10-26,,,,Novo,Ativo
2099,Cliente 02099,2024-01-12,,,,Recorrente,Ativo
2100,Cliente 02100,2024-05-12,,,,Recorrente,Ativo
2101,Cliente 02101,2024-10-30,,,,Novo,Ativo
2102,Cliente 02102,2024-10-19,,,,Novo,Inativo
2103,Cliente 02103,2024-10-26,,,,Recorrente,Ativo
2104,Cliente 02104,2024-02-12,,,,Novo,Ativo
2105,Cliente 02105,2024-12-08,,,,Novo,Ativo
2106,Cliente 02106,2024-11-21,,,,Recorrente,Ativo
2107,Cliente 02107,2025-05-12,,,,Recorrente,Inativo
2108,Cliente 02108,2024-12-29,,,,Recorrente,Ativo
2109,Cliente 02109,2025-03-02,,,,Recorrente,Inativo
2110,Cliente 02110,2024-01-21,,,,Recorrente,Ativo
2111,Cliente 02111,2025-02-10,,,,Novo,Ativo
2112,Cliente 02112,2025-09-10,,,,Novo,Ativo
2113,Cliente 02113,2024-12-01,,,,Novo,Ativo
2114,Cliente 02114,2024-04-26,,,,Novo,Inativo
2115,Cliente 02115,2024-05-03,,,,Recorrente,Ativo
2116,Cliente 02116,2025-02-02,,,,Recorrente,Ativo
2117,Cliente 02117,2025-12-15,,,,VIP,Ativo
2118,Cliente 02118,2024-02-20,,,,Recorrente,Ativo
2119,Cliente 02119,2024-11-19,,,,Novo,Ativo
2120,Cliente 02120,2024-05-20,,,,Novo,Ativo
2121,Cliente 02121,2025-04-14,,,,Recorrente,Ativo
2122,Cliente 02122,2024-11-29,,,,Recorrente,Ativo
2123,Cliente 02123,2025-01-07,,,,Recorrente,Ativo
2124,Cliente 02124,2025-07-17,,,,Recorrente,Ativo
2125,Cliente 02125,2025-05-08,,,,Recorrente,Ativo
2126,Cliente 02126,2025-06-22,,,,Recorrente,Ativo
2127,Cliente 02127,2025-10-30,,,,Novo,Ativo
2128,Cliente 02128,2024-06-04,,,,Recorrente,Ativo
2129,Cliente 02129,2024-10-17,,,,Recorrente,Ativo
2130,Cliente 02130,2025-10-09,,,,Novo,Ativo
2131,Cliente 02131,2024-05-23,,,,Recorrente,Ativo
2132,Cliente 02132,2024-04-15,,,,Novo,Ativo
2133,Cliente 02133,2025-02-23,,,,VIP,Ativo
2134,Cliente 02134,2025-10-31,,,,Novo,Ativo
2135,Cliente 02135,2025-10-19,,,,Recorrente,Ativo
2136,Cliente 02136,2024-01-02,,,,Novo,Ativo
2137,Cliente 02137,2025-08-11,,,,Recorrente,Ativo
2138,Cliente 02138,2025-10-05,,,,Novo,Ativo
2139,Cliente 02139,2024-03-30,,,,Novo,Ativo
2140,Cliente 02140,2024-12-10,,,,Novo,Inativo
2141,Cliente 02141,2024-12-15,,,,VIP,Ativo
2142,Cliente 02142,2025-04-03,,,,Novo,Ativo
2143,Cliente 02143,2024-09-19,,,,Novo,Ativo
2144,Cliente 02144,2024-12-16,,,,Recorrente,Ativo
2145,Cliente 02145,2024-04-17,,,,Novo,Ativo
2146,Cliente 02146,2025-08-08,,,,VIP,Ativo
2147,Cliente 02147,2024-02-08,,,,Novo,Ativo
2148,Cliente 02148,2024-06-07,,,,Recorrente,Ativo
2149,Cliente 02149,2025-08-05,,,,Novo,Ativo
2150,Cliente 02150,2024-11-07,,,,Novo,Ativo
2151,Cliente 02151,2024-08-28,,,,Recorrente,Inativo
2152,Cliente 02152,2025-03-20,,,,Recorrente,Ativo
2153,Cliente 02153,2024-10-24,,,,Recorrente,Ativo
2154,Cliente 02154,2024-02-05,,,,Novo,Ativo
2155,Cliente 02155,2024-03-24,,,,Novo,Inativo
2156,Cliente 02156,2025-03-27,,,,Novo,Ativo
2157,Cliente 02157,2025-01-19,,,,VIP,Ativo
2158,Cliente 02158,2024-06-20,,,,Novo,Ativo
2159,Cliente 02159,2025-01-10,,,,Novo,Ativo
2160,Cliente 02160,2025-11-15,,,,Novo,Ativo
2161,Cliente 02161,2024-12-27,,,,Recorrente,Ativo
2162,Cliente 02162,2025-07-12,,,,Novo,Inativo
2163,Cliente 02163,2024-05-20,,,,VIP,Ativo
2164,Cliente 02164,2024-04-27,,,,Novo,Ativo
2165,Cliente 02165,2024-10-03,,,,Recorrente,Ativo
2166,Cliente 02166,2025-12-26,,,,Novo,Ativo
2167,Cliente 02167,2024-08-07,,,,Recorrente,Ativo
2168,Cliente 02168,2024-01-26,,,,VIP,Ativo
2169,Cliente 02169,2025-06-04,,,,Novo,Ativo
2170,Cliente 02170,2024-01-10,,,,VIP,Ativo
2171,Cliente 02171,2025-01-12,,,,Novo,Inativo
2172,Cliente 02172,2025-09-24,,,,VIP,Ativo
2173,Cliente 02173,2025-09-28,,,,Recorrente,Inativo
2174,Cliente 02174,2025-11-12,,,,Novo,Ativo
2175,Cliente 02175,2025-08-06,,,,Novo,Ativo
2176,Cliente 02176,2024-05-31,,,,Novo,Ativo
2177,Cliente 02177,2025-12-20,,,,Novo,Ativo
2178,Cliente 02178,2024-02-18,,,,Novo,Ativo
2179,Cliente 02179,2024-06-02,,,,Novo,Ativo
2180,Cliente 02180,2024-10-19,,,,Novo,Ativo
2181,Cliente 02181,2025-08-02,,,,Recorrente,Ativo
2182,Cliente 02182,2024-02-19,,,,Novo,Ativo
2183,Cliente 02183,2025-10-25,,,,Novo,Ativo
2184,Cliente 02184,2025-06-14,,,,Recorrente,Ativo
2185,Cliente 02185,2025-09-03,,,,Novo,Ativo
2186,Cliente 02186,2024-02-29,,,,Novo,Ativo
2187,Cliente 02187,2024-06-15,,,,Novo,Ativo
2188,Cliente 02188,2024-07-20,,,,VIP,Ativo
2189,Cliente 02189,2024-05-25,,,,Recorrente,Ativo
2190,Cliente 02190,2025-11-06,,,,Novo,Ativo
2191,Cliente 02191,2025-03-14,,,,Recorrente,Ativo
2192,Cliente 02192,2024-08-29,,,,Novo,Ativo
2193,Cliente 02193,2025-08-03,,,,Recorrente,Ativo
2194,Cliente 02194,2025-11-17,,,,Recorrente,Ativo
2195,Cliente 02195,2025-07-14,,,,Recorrente,Ativo
2196,Cliente 02196,2025-04-27,,,,Novo,Ativo
2197,Cliente 02197,2024-04-17,,,,Novo,Ativo
2198,Cliente 02198,2024-08-13,,,,Novo,Ativo
2199,Cliente 02199,2025-11-03,,,,Recorrente,Ativo
2200,Cliente 02200,2025-09-22,,,,Recorrente,Ativo
2201,Cliente 02201,2025-10-22,,,,Recorrente,Ativo
2202,Cliente 02202,2025-10-23,,,,VIP,Ativo
2203,Cliente 02203,2025-03-07,,,,Novo,Ativo
2204,Cliente 02204,2025-10-16,,,,Recorrente,Ativo
2205,Cliente 02205,2025-02-22,,,,Recorrente,Ativo
2206,Cliente 02206,2025-03-30,,,,VIP,Ativo
2207,Cliente 02207,2024-06-08,,,,VIP,Ativo
2208,Cliente 02208,2025-06-06,,,,Recorrente,Ativo
2209,Cliente 02209,2025-10-11,,,,Novo,Ativo
2210,Cliente 02210,2025-08-12,,,,Recorrente,Ativo
2211,Cliente 02211,2024-03-17,,,,Novo,Ativo
2212,Cliente 02212,2025-05-23,,,,Recorrente,Ativo
2213,Cliente 02213,2025-03-16,,,,VIP,Ativo
2214,Cliente 02214,2024-09-10,,,,Novo,Ativo
2215,Cliente 02215,2024-11-15,,,,Recorrente,Ativo
2216,Cliente 02216,2024-09-19,,,,Novo,Ativo
2217,Cliente 02217,2025-08-19,,,,Novo,Ativo
2218,Cliente 02218,2025-10-19,,,,Novo,Ativo
2219,Cliente 02219,2025-07-07,,,,Recorrente,Ativo
2220,Cliente 02220,2025-01-08,,,,VIP,Ativo
2221,Cliente 02221,2025-09-28,,,,VIP,Ativo
2222,Cliente 02222,2024-06-15,,,,Novo,Ativo
2223,Cliente 02223,2025-04-03,,,,Recorrente,Ativo
2224,Cliente 02224,2024-10-06,,,,Recorrente,Ativo
2225,Cliente 02225,2025-11-30,,,,Novo,Ativo
2226,Cliente 02226,2024-10-28,,,,Novo,Ativo
2227,Cliente 02227,2025-06-14,,,,Novo,Ativo
2228,Cliente 02228,2025-08-02,,,,VIP,Ativo
2229,Cliente 02229,2024-08-05,,,,Recorrente,Ativo
2230,Cliente 02230,2024-04-11,,,,Recorrente,Ativo
2231,Cliente 02231,2025-07-07,,,,Novo,Ativo
2232,Cliente 02232,2024-10-14,,,,Recorrente,Ativo
2233,Cliente 02233,2024-06-15,,,,Novo,Ativo
2234,Cliente 02234,2025-09-12,,,,Novo,Ativo
2235,Cliente 02235,2024-02-05,,,,Recorrente,Ativo
2236,Cliente 02236,2024-12-18,,,,Novo,Ativo
2237,Cliente 02237,2025-11-06,,,,Recorrente,Ativo
2238,Cliente 02238,2024-03-13,,,,Novo,Ativo
2239,Cliente 02239,2025-10-09,,,,Recorrente,Inativo
2240,Cliente 02240,2024-12-18,,,,Novo,Ativo
2241,Cliente 02241,2024-03-10,,,,Recorrente,Ativo
2242,Cliente 02242,2025-02-28,,,,Novo,Ativo
2243,Cliente 02243,2025-12-08,,,,Novo,Ativo
2244,Cliente 02244,2025-07-14,,,,VIP,Ativo
2245,Cliente 02245,2025-10-03,,,,Novo,Ativo
2246,Cliente 02246,2025-05-31,,,,Recorrente,Ativo
2247,Cliente 02247,2025-03-03,,,,VIP,Ativo
2248,Cliente 02248,2025-06-22,,,,Novo,Ativo
2249,Cliente 02249,2024-06-08,,,,Novo,Ativo
2250,Cliente 02250,2024-05-28,,,,Recorrente,Ativo
2251,Cliente 02251,2024-08-17,,,,VIP,Ativo
2252,Cliente 02252,2025-12-12,,,,VIP,Ativo
2253,Cliente 02253,2025-07-15,,,,Novo,Ativo
2254,Cliente 02254,2024-03-07,,,,Recorrente,Ativo
2255,Cliente 02255,2025-01-15,,,,Novo,Ativo
2256,Cliente 02256,2024-02-27,,,,VIP,Ativo
2257,Cliente 02257,2024-09-15,,,,VIP,Ativo
2258,Cliente 02258,2024-12-07,,,,Novo,Ativo
2259,Cliente 02259,2024-05-09,,,,Novo,Ativo
2260,Cliente 02260,2025-12-27,,,,Novo,Ativo
2261,Cliente 02261,2024-06-20,,,,Novo,Ativo
2262,Cliente 02262,2025-09-05,,,,Recorrente,Inativo
2263,Cliente 02263,2024-07-27,,,,Novo,Inativo
2264,Cliente 02264,2024-12-19,,,,Novo,Ativo
2265,Cliente 02265,2025-04-15,,,,Novo,Ativo
2266,Cliente 02266,2024-04-25,,,,VIP,Ativo
2267,Cliente 02267,2024-09-20,,,,Recorrente,Ativo
2268,Cliente 02268,2025-10-23,,,,Novo,Ativo
2269,Cliente 02269,2025-03-17,,,,Novo,Ativo
2270,Cliente 02270,2025-07-01,,,,VIP,Ativo
2271,Cliente 02271,2025-03-28,,,,Recorrente,Ativo
2272,Cliente 02272,2025-04-21,,,,Novo,Ativo
2273,Cliente 02273,2024-10-13,,,,Novo,Ativo
2274,Cliente 02274,2024-10-29,,,,Novo,Ativo
2275,Cliente 02275,2024-11-06,,,,Novo,Ativo
2276,Cliente 02276,2024-07-26,,,,Recorrente,Ativo
2277,Cliente 02277,2025-09-09,,,,VIP,Ativo
2278,Cliente 02278,2025-03-21,,,,Novo,Ativo
2279,Cliente 02279,2025-10-31,,,,Recorrente,Ativo
2280,Cliente 02280,2025-09-24,,,,Novo,Ativo
2281,Cliente 02281,2024-02-24,,,,Recorrente,Inativo
2282,Cliente 02282,2024-01-12,,,,Recorrente,Ativo
2283,Cliente 02283,2025-10-18,,,,Novo,Ativo
2284,Cliente 02284,2025-02-03,,,,Novo,Ativo
2285,Cliente 02285,2025-10-09,,,,Recorrente,Ativo
2286,Cliente 02286,2025-05-29,,,,Novo,Inativo
2287,Cliente 02287,2025-10-17,,,,Novo,Ativo
2288,Cliente 02288,2025-06-25,,,,Novo,Ativo
2289,Cliente 02289,2024-08-24,,,,VIP,Ativo
2290,Cliente 02290,2024-10-05,,,,Novo,Ativo
2291,Cliente 02291,2024-12-13,,,,Recorrente,Ativo
2292,Cliente 02292,2025-09-18,,,,Novo,Ativo
2293,Cliente 02293,2024-04-13,,,,Recorrente,Ativo
2294,Cliente 02294,2025-09-21,,,,Recorrente,Inativo
2295,Cliente 02295,2025-05-31,,,,Recorrente,Ativo
2296,Cliente 02296,2024-09-04,,,,Novo,Ativo
2297,Cliente 02297,2024-12-29,,,,Recorrente,Ativo
2298,Cliente 02298,2024-11-16,,,,Recorrente,Ativo
2299,Cliente 02299,2025-09-24,,,,Novo,Ativo
2300,Cliente 02300,2024-10-12,,,,Novo,Ativo
2301,Cliente 02301,2024-05-28,,,,Novo,Ativo
2302,Cliente 02302,2024-03-24,,,,Novo,Ativo
2303,Cliente 02303,2025-02-09,,,,Recorrente,Ativo
2304,Cliente 02304,2025-03-31,,,,Novo,Ativo
2305,Cliente 02305,2024-06-09,,,,Novo,Ativo
2306,Cliente 02306,2025-04-04,,,,Recorrente,Ativo
2307,Cliente 02307,2025-07-03,,,,Novo,Inativo
2308,Cliente 02308,2025-05-14,,,,Novo,Ativo
2309,Cliente 02309,2025-05-23,,,,Novo,Ativo
2310,Cliente 02310,2025-10-15,,,,VIP,Ativo
2311,Cliente 02311,2025-04-25,,,,Recorrente,Ativo
2312,Cliente 02312,2025-10-24,,,,Recorrente,Ativo
2313,Cliente 02313,2024-04-23,,,,Novo,Ativo
2314,Cliente 02314,2025-07-31,,,,Recorrente,Ativo
2315,Cliente 02315,2024-12-26,,,,Novo,Ativo
2316,Cliente 02316,2024-12-06,,,,Novo,Ativo
2317,Cliente 02317,2025-03-24,,,,Novo,Ativo
2318,Cliente 02318,2024-06-28,,,,Recorrente,Ativo
2319,Cliente 02319,2025-12-02,,,,Novo,Inativo
2320,Cliente 02320,2025-02-10,,,,Novo,Ativo
2321,Cliente 02321,2025-10-27,,,,Novo,Ativo
2322,Cliente 02322,2024-07-14,,,,Novo,Ativo
2323,Cliente 02323,2025-04-10,,,,Recorrente,Ativo
2324,Cliente 02324,2024-11-06,,,,Novo,Inativo
2325,Cliente 02325,2024-09-18,,,,Recorrente,Ativo
2326,Cliente 02326,2025-02-22,,,,Novo,Ativo
2327,Cliente 02327,2025-02-09,,,,Recorrente,Ativo
2328,Cliente 02328,2024-05-22,,,,Recorrente,Ativo
2329,Cliente 02329,2024-12-07,,,,Novo,Ativo
2330,Cliente 02330,2024-11-11,,,,Novo,Ativo
2331,Cliente 02331,2024-04-10,,,,Recorrente,Ativo
2332,Cliente 02332,2024-08-31,,,,Recorrente,Ativo
2333,Cliente 02333,2025-05-04,,,,Novo,Ativo
2334,Cliente 02334,2024-01-12,,,,Novo,Ativo
2335,Cliente 02335,2024-08-26,,,,Recorrente,Ativo
2336,Cliente 02336,2025-07-14,,,,Recorrente,Ativo
2337,Cliente 02337,2024-02-11,,,,Novo,Ativo
2338,Cliente 02338,2025-11-08,,,,Novo,Inativo
2339,Cliente 02339,2025-08-16,,,,Novo,Ativo
2340,Cliente 02340,2025-03-04,,,,Recorrente,Ativo
2341,Cliente 02341,2024-06-06,,,,Novo,Ativo
2342,Cliente 02342,2024-08-03,,,,VIP,Ativo
2343,Cliente 02343,2025-10-31,,,,Novo,Ativo
2344,Cliente 02344,2025-04-06,,,,Novo,Ativo
2345,Cliente 02345,2024-05-13,,,,Recorrente,Ativo
2346,Cliente 02346,2024-03-07,,,,VIP,Ativo
2347,Cliente 02347,2024-01-07,,,,Recorrente,Ativo
2348,Cliente 02348,2025-06-09,,,,Novo,Ativo
2349,Cliente 02349,2024-03-13,,,,Recorrente,Ativo
2350,Cliente 02350,2025-02-02,,,,Recorrente,Ativo
2351,Cliente 02351,2025-02-08,,,,Novo,Ativo
2352,Cliente 02352,2025-11-05,,,,Novo,Ativo
2353,Cliente 02353,2025-07-31,,,,Novo,Ativo
2354,Cliente 02354,2024-05-09,,,,Novo,Ativo
2355,Cliente 02355,2025-04-10,,,,VIP,Ativo
2356,Cliente 02356,2024-07-24,,,,Novo,Ativo
2357,Cliente 02357,2024-09-22,,,,VIP,Ativo
2358,Cliente 02358,2025-06-20,,,,Novo,Ativo
2359,Cliente 02359,2024-09-09,,,,Recorrente,Ativo
2360,Cliente 02360,2024-10-15,,,,Novo,Ativo
2361,Cliente 02361,2024-06-12,,,,Novo,Ativo
2362,Cliente 02362,2024-04-04,,,,Novo,Ativo
2363,Cliente 02363,2024-04-19,,,,Novo,Ativo
2364,Cliente 02364,2024-12-01,,,,Recorrente,Ativo
2365,Cliente 02365,2024-08-25,,,,Novo,Ativo
2366,Cliente 02366,2025-01-15,,,,Recorrente,Ativo
2367,Cliente 02367,2025-03-11,,,,Novo,Ativo
2368,Cliente 02368,2025-04-27,,,,Novo,Ativo
2369,Cliente 02369,2024-01-25,,,,Novo,Ativo
2370,Cliente 02370,2025-10-14,,,,VIP,Ativo
2371,Cliente 02371,2024-04-26,,,,Recorrente,Ativo
2372,Cliente 02372,2025-04-26,,,,Novo,Ativo
2373,Cliente 02373,2025-01-26,,,,Novo,Ativo
2374,Cliente 02374,2025-06-20,,,,Novo,Ativo
2375,Cliente 02375,2024-03-19,,,,VIP,Ativo
2376,Cliente 02376,2025-08-02,,,,Recorrente,Ativo
2377,Cliente 02377,2024-06-21,,,,Novo,Ativo
2378,Cliente 02378,2024-01-12,,,,Recorrente,Ativo
2379,Cliente 02379,2024-05-07,,,,Novo,Ativo
2380,Cliente 02380,2025-08-30,,,,VIP,Ativo
2381,Cliente 02381,2024-04-01,,,,Novo,Ativo
2382,Cliente 02382,2025-10-14,,,,Recorrente,Ativo
2383,Cliente 02383,2025-06-26,,,,Novo,Ativo
2384,Cliente 02384,2025-06-15,,,,Recorrente,Ativo
2385,Cliente 02385,2025-10-19,,,,Recorrente,Ativo
2386,Cliente 02386,2025-03-22,,,,Recorrente,Ativo
2387,Cliente 02387,2025-01-24,,,,Recorrente,Ativo
2388,Cliente 02388,2025-11-02,,,,Recorrente,Ativo
2389,Cliente 02389,2024-02-12,,,,Novo,Ativo
2390,Cliente 02390,2024-09-10,,,,Novo,Ativo
2391,Cliente 02391,2024-05-09,,,,Novo,Ativo
2392,Cliente 02392,2024-02-29,,,,VIP,Ativo
2393,Cliente 02393,2025-10-24,,,,Novo,Ativo
2394,Cliente 02394,2025-04-11,,,,Recorrente,Ativo
2395,Cliente 02395,2024-10-13,,,,Recorrente,Ativo
2396,Cliente 02396,2025-05-31,,,,Novo,Ativo
2397,Cliente 02397,2025-04-11,,,,Novo,Ativo
2398,Cliente 02398,2024-12-10,,,,Novo,Ativo
2399,Cliente 02399,2025-10-03,,,,Novo,Ativo
2400,Cliente 02400,2025-01-16,,,,Novo,Ativo
2401,Cliente 02401,2025-11-20,,,,Novo,Ativo
2402,Cliente 02402,2024-09-09,,,,Recorrente,Ativo
2403,Cliente 02403,2024-02-25,,,,VIP,Ativo
2404,Cliente 02404,2025-04-07,,,,Novo,Ativo
2405,Cliente 02405,2025-04-01,,,,Novo,Ativo
2406,Cliente 02406,2024-03-23,,,,Novo,Inativo
2407,Cliente 02407,2024-04-08,,,,Recorrente,Ativo
2408,Cliente 02408,2024-05-28,,,,Recorrente,Inativo
2409,Cliente 02409,2024-11-24,,,,Novo,Ativo
2410,Cliente 02410,2024-06-04,,,,Novo,Ativo
2411,Cliente 02411,2024-07-08,,,,Recorrente,Ativo
2412,Cliente 02412,2025-05-08,,,,Recorrente,Ativo
2413,Cliente 02413,2024-09-19,,,,Novo,Ativo
2414,Cliente 02414,2024-03-20,,,,Recorrente,Ativo
2415,Cliente 02415,2025-02-03,,,,Novo,Ativo
2416,Cliente 02416,2025-08-31,,,,Novo,Ativo
2417,Cliente 02417,2024-09-16,,,,Recorrente,Ativo
2418,Cliente 02418,2025-09-06,,,,Recorrente,Ativo
2419,Cliente 02419,2025-07-05,,,,Novo,Ativo
2420,Cliente 02420,2024-04-10,,,,VIP,Ativo
2421,Cliente 02421,2024-12-24,,,,Novo,Ativo
2422,Cliente 02422,2025-01-14,,,,Recorrente,Ativo
2423,Cliente 02423,2024-08-08,,,,Novo,Ativo
2424,Cliente 02424,2025-02-23,,,,Recorrente,Ativo
2425,Cliente 02425,2024-05-03,,,,VIP,Ativo
2426,Cliente 02426,2025-02-25,,,,Novo,Ativo
2427,Cliente 02427,2024-08-18,,,,VIP,Ativo
2428,Cliente 02428,2025-11-20,,,,Recorrente,Ativo
2429,Cliente 02429,2024-03-03,,,,Recorrente,Ativo
2430,Cliente 02430,2025-04-29,,,,Novo,Inativo
2431,Cliente 02431,2025-09-19,,,,Recorrente,Ativo
2432,Cliente 02432,2025-12-03,,,,Recorrente,Ativo
2433,Cliente 02433,2025-07-27,,,,Novo,Ativo
2434,Cliente 02434,2025-04-27,,,,VIP,Ativo
2435,Cliente 02435,2025-06-02,,,,Novo,Inativo
2436,Cliente 02436,2024-06-03,,,,Novo,Ativo
2437,Cliente 02437,2024-04-01,,,,Novo,Ativo
2438,Cliente 02438,2025-06-09,,,,Recorrente,Ativo
2439,Cliente 02439,2025-03-30,,,,Recorrente,Ativo
2440,Cliente 02440,2025-08-20,,,,Novo,Ativo
2441,Cliente 02441,2025-10-06,,,,VIP,Ativo
2442,Cliente 02442,2025-05-24,,,,Novo,Ativo
2443,Cliente 02443,2024-07-01,,,,Novo,Ativo
2444,Cliente 02444,2025-01-20,,,,Novo,Ativo
2445,Cliente 02445,2025-07-27,,,,Recorrente,Ativo
2446,Cliente 02446,2025-12-31,,,,VIP,Ativo
2447,Cliente 02447,2025-02-08,,,,Recorrente,Ativo
2448,Cliente 02448,2024-09-02,,,,Recorrente,Ativo
2449,Cliente 02449,2025-08-13,,,,Novo,Ativo
2450,Cliente 02450,2025-10-22,,,,Novo,Ativo
2451,Cliente 02451,2025-10-11,,,,Novo,Ativo
2452,Cliente 02452,2025-04-15,,,,Novo,Ativo
2453,Cliente 02453,2025-02-26,,,,Novo,Ativo
2454,Cliente 02454,2024-03-05,,,,Recorrente,Ativo
2455,Cliente 02455,2024-01-13,,,,Novo,Inativo
2456,Cliente 02456,2024-07-31,,,,Recorrente,Ativo
2457,Cliente 02457,2024-08-29,,,,Novo,Ativo
2458,Cliente 02458,2025-05-07,,,,Novo,Ativo
2459,Cliente 02459,2024-07-31,,,,Recorrente,Ativo
2460,Cliente 02460,2025-11-23,,,,Novo,Ativo
2461,Cliente 02461,2024-12-03,,,,Recorrente,Ativo
2462,Cliente 02462,2024-06-21,,,,Recorrente,Ativo
2463,Cliente 02463,2025-11-02,,,,Novo,Ativo
2464,Cliente 02464,2024-06-12,,,,VIP,Inativo
2465,Cliente 02465,2025-04-09,,,,Novo,Ativo
2466,Cliente 02466,2025-05-11,,,,Novo,Ativo
2467,Cliente 02467,2025-11-30,,,,Recorrente,Ativo
2468,Cliente 02468,2025-01-29,,,,Novo,Ativo
2469,Cliente 02469,2025-12-03,,,,Recorrente,Ativo
2470,Cliente 02470,2024-11-03,,,,Recorrente,Ativo
2471,Cliente 02471,2024-07-01,,,,VIP,Inativo
2472,Cliente 02472,2025-09-20,,,,Novo,Ativo
2473,Cliente 02473,2025-05-24,,,,Novo,Ativo
2474,Cliente 02474,2025-12-08,,,,Recorrente,Inativo
2475,Cliente 02475,2025-06-29,,,,Novo,Ativo
2476,Cliente 02476,2025-07-17,,,,Novo,Inativo
2477,Cliente 02477,2025-09-15,,,,Novo,Ativo
2478,Cliente 02478,2025-08-16,,,,Novo,Inativo
2479,Cliente 02479,2024-08-14,,,,Novo,Ativo
2480,Cliente 02480,2025-03-11,,,,Recorrente,Ativo
2481,Cliente 02481,2025-02-25,,,,Recorrente,Ativo
2482,Cliente 02482,2025-07-07,,,,Novo,Ativo
2483,Cliente 02483,2024-01-21,,,,Novo,Ativo
2484,Cliente 02484,2025-07-07,,,,Novo,Ativo
2485,Cliente 02485,2025-01-31,,,,Recorrente,Ativo
2486,Cliente 02486,2025-09-16,,,,Novo,Ativo
2487,Cliente 02487,2024-04-14,,,,Recorrente,Ativo
2488,Cliente 02488,2024-07-10,,,,Novo,Ativo
2489,Cliente 02489,2024-01-17,,,,Recorrente,Ativo
2490,Cliente 02490,2024-04-29,,,,Novo,Ativo
2491,Cliente 02491,2025-01-27,,,,Recorrente,Ativo
2492,Cliente 02492,2025-02-28,,,,Novo,Ativo
2493,Cliente 02493,2024-05-08,,,,Recorrente,Ativo
2494,Cliente 02494,2024-05-09,,,,Novo,Inativo
2495,Cliente 02495,2025-07-25,,,,Recorrente,Ativo
2496,Cliente 02496,2025-07-13,,,,Recorrente,Ativo
2497,Cliente 02497,2024-01-29,,,,Novo,Inativo
2498,Cliente 02498,2024-04-06,,,,Recorrente,Ativo
2499,Cliente 02499,2024-01-10,,,,Recorrente,Ativo
2500,Cliente 02500,2024-08-29,,,,Novo,Ativo
2501,Cliente 02501,2024-08-19,,,,Novo,Inativo
2502,Cliente 02502,2024-10-10,,,,Novo,Ativo
2503,Cliente 02503,2025-12-15,,,,Recorrente,Ativo
2504,Cliente 02504,2025-12-26,,,,Recorrente,Ativo
2505,Cliente 02505,2024-07-18,,,,Novo,Ativo
2506,Cliente 02506,2024-03-19,,,,Novo,Ativo
2507,Cliente 02507,2024-06-21,,,,Recorrente,Ativo
2508,Cliente 02508,2025-04-11,,,,VIP,Ativo
2509,Cliente 02509,2025-08-03,,,,Novo,Ativo
2510,Cliente 02510,2025-02-19,,,,VIP,Ativo
2511,Cliente 02511,2025-03-24,,,,Novo,Ativo
2512,Cliente 02512,2024-03-27,,,,Novo,Ativo
2513,Cliente 02513,2024-04-10,,,,Recorrente,Inativo
2514,Cliente 02514,2024-01-08,,,,Novo,Ativo
2515,Cliente 02515,2024-07-18,,,,Novo,Ativo
2516,Cliente 02516,2025-05-19,,,,Novo,Inativo
2517,Cliente 02517,2024-03-27,,,,Recorrente,Ativo
2518,Cliente 02518,2024-02-12,,,,Recorrente,Ativo
2519,Cliente 02519,2025-01-19,,,,Novo,Ativo
2520,Cliente 02520,2025-09-12,,,,Novo,Ativo
2521,Cliente 02521,2025-03-10,,,,Novo,Ativo
2522,Cliente 02522,2025-02-11,,,,Recorrente,Ativo
2523,Cliente 02523,2025-04-27,,,,Novo,Ativo
2524,Cliente 02524,2025-10-25,,,,Recorrente,Ativo
2525,Cliente 02525,2024-01-17,,,,Novo,Ativo
2526,Cliente 02526,2025-10-06,,,,Novo,Ativo
2527,Cliente 02527,2024-05-27,,,,Novo,Ativo
2528,Cliente 02528,2024-10-03,,,,Novo,Ativo
2529,Cliente 02529,2024-08-19,,,,VIP,Ativo
2530,Cliente 02530,2024-12-31,,,,Novo,Ativo
2531,Cliente 02531,2024-08-15,,,,Novo,Ativo
2532,Cliente 02532,2025-10-12,,,,Novo,Ativo
2533,Cliente 02533,2025-03-11,,,,Novo,Ativo
2534,Cliente 02534,2025-02-02,,,,Novo,Ativo
2535,Cliente 02535,2024-07-29,,,,Novo,Ativo
2536,Cliente 02536,2025-01-25,,,,Novo,Ativo
2537,Cliente 02537,2025-05-13,,,,Recorrente,Ativo
2538,Cliente 02538,2025-06-23,,,,Novo,Ativo
2539,Cliente 02539,2025-07-16,,,,Novo,Inativo
2540,Cliente 02540,2025-05-05,,,,VIP,Ativo
2541,Cliente 02541,2025-03-17,,,,Novo,Ativo
2542,Cliente 02542,2024-09-17,,,,Novo,Ativo
2543,Cliente 02543,2024-12-15,,,,Novo,Ativo
2544,Cliente 02544,2024-12-17,,,,Novo,Ativo
2545,Cliente 02545,2025-06-03,,,,Recorrente,Ativo
2546,Cliente 02546,2024-11-15,,,,Novo,Ativo
2547,Cliente 02547,2024-05-17,,,,Recorrente,Ativo
2548,Cliente 02548,2025-07-03,,,,Novo,Ativo
2549,Cliente 02549,2025-09-14,,,,Novo,Inativo
2550,Cliente 02550,2025-01-02,,,,Recorrente,Ativo
2551,Cliente 02551,2024-08-07,,,,Novo,Ativo
2552,Cliente 02552,2024-12-02,,,,Recorrente,Ativo
2553,Cliente 02553,2024-08-10,,,,Novo,Ativo
2554,Cliente 02554,2025-10-09,,,,Recorrente,Ativo
2555,Cliente 02555,2024-12-25,,,,Novo,Ativo
2556,Cliente 02556,2024-11-24,,,,Recorrente,Ativo
2557,Cliente 02557,2025-04-07,,,,Novo,Ativo
2558,Cliente 02558,2025-07-14,,,,Recorrente,Inativo
2559,Cliente 02559,2025-01-16,,,,Novo,Ativo
2560,Cliente 02560,2025-08-12,,,,Recorrente,Ativo
2561,Cliente 02561,2025-09-08,,,,Novo,Ativo
2562,Cliente 02562,2024-06-17,,,,VIP,Ativo
2563,Cliente 02563,2024-08-04,,,,Novo,Ativo
2564,Cliente 02564,2025-01-12,,,,Novo,Ativo
2565,Cliente 02565,2024-04-28,,,,Novo,Ativo
2566,Cliente 02566,2024-07-08,,,,Novo,Ativo
2567,Cliente 02567,2025-01-04,,,,Novo,Ativo
2568,Cliente 02568,2024-05-28,,,,VIP,Ativo
2569,Cliente 02569,2025-11-06,,,,VIP,Ativo
2570,Cliente 02570,2025-10-13,,,,Novo,Ativo
2571,Cliente 02571,2025-05-02,,,,VIP,Ativo
2572,Cliente 02572,2025-01-08,,,,Novo,Ativo
2573,Cliente 02573,2025-11-23,,,,Novo,Ativo
2574,Cliente 02574,2024-06-08,,,,Recorrente,Ativo
2575,Cliente 02575,2024-12-16,,,,Recorrente,Inativo
2576,Cliente 02576,2024-10-14,,,,VIP,Ativo
2577,Cliente 02577,2024-10-14,,,,Novo,Ativo
2578,Cliente 02578,2024-08-13,,,,Recorrente,Ativo
2579,Cliente 02579,2025-06-06,,,,Novo,Ativo
2580,Cliente 02580,2025-06-05,,,,Novo,Ativo
2581,Cliente 02581,2024-09-29,,,,Novo,Ativo
2582,Cliente 02582,2025-02-05,,,,VIP,Ativo
2583,Cliente 02583,2024-07-01,,,,Recorrente,Ativo
2584,Cliente 02584,2025-10-26,,,,Recorrente,Ativo
2585,Cliente 02585,2025-05-02,,,,Novo,Ativo
2586,Cliente 02586,2024-05-03,,,,Novo,Ativo
2587,Cliente 02587,2025-09-17,,,,Novo,Ativo
2588,Cliente 02588,2025-02-17,,,,Novo,Ativo
2589,Cliente 02589,2025-12-25,,,,Novo,Ativo
2590,Cliente 02590,2024-06-20,,,,Recorrente,Ativo
2591,Cliente 02591,2024-10-14,,,,Novo,Ativo
2592,Cliente 02592,2025-03-10,,,,Novo,Ativo
2593,Cliente 02593,2025-11-16,,,,Novo,Ativo
2594,Cliente 02594,2024-04-22,,,,Novo,Ativo
2595,Cliente 02595,2024-05-01,,,,Novo,Ativo
2596,Cliente 02596,2025-06-27,,,,VIP,Ativo
2597,Cliente 02597,2024-08-09,,,,Recorrente,Ativo
2598,Cliente 02598,2025-09-22,,,,Recorrente,Inativo
2599,Cliente 02599,2024-02-08,,,,Novo,Ativo
2600,Cliente 02600,2025-05-11,,,,Novo,Inativo
2601,Cliente 02601,2024-08-20,,,,Novo,Ativo
2602,Cliente 02602,2025-06-13,,,,Recorrente,Ativo
2603,Cliente 02603,2024-05-28,,,,Recorrente,Ativo
2604,Cliente 02604,2025-01-31,,,,Novo,Ativo
2605,Cliente 02605,2025-10-22,,,,Novo,Ativo
2606,Cliente 02606,2025-09-29,,,,Novo,Ativo
2607,Cliente 02607,2024-10-28,,,,Recorrente,Ativo
2608,Cliente 02608,2024-12-25,,,,VIP,Ativo
2609,Cliente 02609,2024-08-25,,,,Recorrente,Ativo
2610,Cliente 02610,2025-10-08,,,,Novo,Ativo
2611,Cliente 02611,2025-10-24,,,,Novo,Ativo
2612,Cliente 02612,2024-08-23,,,,Novo,Ativo
2613,Cliente 02613,2024-07-21,,,,Novo,Ativo
2614,Cliente 02614,2024-09-12,,,,Novo,Ativo
2615,Cliente 02615,2025-08-20,,,,Recorrente,Inativo
2616,Cliente 02616,2025-10-23,,,,Recorrente,Ativo
2617,Cliente 02617,2024-08-22,,,,Novo,Ativo
2618,Cliente 02618,2024-12-10,,,,Recorrente,Ativo
2619,Cliente 02619,2025-06-17,,,,Novo,Ativo
2620,Cliente 02620,2025-04-10,,,,Novo,Ativo
2621,Cliente 02621,2025-06-24,,,,Novo,Ativo
2622,Cliente 02622,2024-07-31,,,,Novo,Ativo
2623,Cliente 02623,2025-04-07,,,,Novo,Ativo
2624,Cliente 02624,2025-03-11,,,,Novo,Ativo
2625,Cliente 02625,2024-10-09,,,,Novo,Ativo
2626,Cliente 02626,2025-07-15,,,,VIP,Ativo
2627,Cliente 02627,2025-08-29,,,,Novo,Ativo
2628,Cliente 02628,2025-04-07,,,,Novo,Ativo
2629,Cliente 02629,2025-02-10,,,,Novo,Ativo
2630,Cliente 02630,2024-03-28,,,,Recorrente,Ativo
2631,Cliente 02631,2024-02-13,,,,Novo,Inativo
2632,Cliente 02632,2025-04-05,,,,Recorrente,Ativo
2633,Cliente 02633,2024-10-04,,,,Novo,Inativo
2634,Cliente 02634,2025-11-13,,,,Novo,Ativo
2635,Cliente 02635,2025-02-24,,,,Recorrente,Ativo
2636,Cliente 02636,2025-12-01,,,,Novo,Inativo
2637,Cliente 02637,2024-12-18,,,,Novo,Ativo
2638,Cliente 02638,2025-11-26,,,,Novo,Ativo
2639,Cliente 02639,2025-05-29,,,,Recorrente,Ativo
2640,Cliente 02640,2025-12-03,,,,Novo,Ativo
2641,Cliente 02641,2025-09-21,,,,Novo,Ativo
2642,Cliente 02642,2024-01-19,,,,VIP,Ativo
2643,Cliente 02643,2024-01-23,,,,Novo,Ativo
2644,Cliente 02644,2025-02-16,,,,Recorrente,Inativo
2645,Cliente 02645,2024-01-30,,,,Recorrente,Ativo
2646,Cliente 02646,2024-04-17,,,,Novo,Ativo
2647,Cliente 02647,2025-01-01,,,,Novo,Ativo
2648,Cliente 02648,2024-10-07,,,,Novo,Ativo
2649,Cliente 02649,2024-05-07,,,,Recorrente,Ativo
2650,Cliente 02650,2024-08-16,,,,Recorrente,Ativo
2651,Cliente 02651,2024-04-20,,,,Recorrente,Ativo
2652,Cliente 02652,2024-05-15,,,,VIP,Ativo
2653,Cliente 02653,2024-12-27,,,,Recorrente,Ativo
2654,Cliente 02654,2024-07-04,,,,Novo,Ativo
2655,Cliente 02655,2025-10-17,,,,Novo,Ativo
2656,Cliente 02656,2025-08-06,,,,Recorrente,Ativo
2657,Cliente 02657,2024-05-08,,,,Novo,Ativo
2658,Cliente 02658,2024-09-17,,,,Novo,Inativo
2659,Cliente 02659,2025-05-29,,,,Recorrente,Ativo
2660,Cliente 02660,2025-03-24,,,,Novo,Ativo
2661,Cliente 02661,2024-04-13,,,,VIP,Ativo
2662,Cliente 02662,2025-04-27,,,,Recorrente,Ativo
2663,Cliente 02663,2024-08-11,,,,Novo,Ativo
2664,Cliente 02664,2025-05-05,,,,VIP,Ativo
2665,Cliente 02665,2025-04-17,,,,Novo,Ativo
2666,Cliente 02666,2024-01-10,,,,Novo,Ativo
2667,Cliente 02667,2025-02-08,,,,Novo,Ativo
2668,Cliente 02668,2024-10-28,,,,Novo,Ativo
2669,Cliente 02669,2024-08-18,,,,Novo,Ativo
2670,Cliente 02670,2025-12-31,,,,Novo,Ativo
2671,Cliente 02671,2024-03-06,,,,Novo,Ativo
2672,Cliente 02672,2024-04-21,,,,Novo,Ativo
2673,Cliente 02673,2024-01-13,,,,Recorrente,Ativo
2674,Cliente 02674,2025-01-27,,,,Recorrente,Ativo
2675,Cliente 02675,2025-05-14,,,,Novo,Ativo
2676,Cliente 02676,2025-08-20,,,,Novo,Ativo
2677,Cliente 02677,2024-08-21,,,,Novo,Ativo
2678,Cliente 02678,2025-08-24,,,,Novo,Ativo
2679,Cliente 02679,2024-11-09,,,,Recorrente,Ativo
2680,Cliente 02680,2025-07-19,,,,Recorrente,Ativo
2681,Cliente 02681,2024-01-12,,,,Novo,Ativo
2682,Cliente 02682,2024-07-27,,,,Novo,Ativo
2683,Cliente 02683,2024-01-14,,,,Novo,Ativo
2684,Cliente 02684,2025-09-24,,,,Recorrente,Ativo
2685,Cliente 02685,2025-02-21,,,,Novo,Ativo
2686,Cliente 02686,2025-03-12,,,,VIP,Inativo
2687,Cliente 02687,2025-01-11,,,,Recorrente,Ativo
2688,Cliente 02688,2024-01-20,,,,Novo,Ativo
2689,Cliente 02689,2025-08-09,,,,Recorrente,Ativo
2690,Cliente 02690,2024-03-10,,,,VIP,Ativo
2691,Cliente 02691,2024-07-29,,,,Recorrente,Ativo
2692,Cliente 02692,2024-04-10,,,,Novo,Ativo
2693,Cliente 02693,2025-11-28,,,,Novo,Ativo
2694,Cliente 02694,2024-05-11,,,,Recorrente,Ativo
2695,Cliente 02695,2025-09-14,,,,Recorrente,Ativo
2696,Cliente 02696,2025-01-15,,,,Recorrente,Ativo
2697,Cliente 02697,2024-05-11,,,,Recorrente,Ativo
2698,Cliente 02698,2024-01-20,,,,Recorrente,Ativo
2699,Cliente 02699,2025-06-19,,,,VIP,Ativo
2700,Cliente 02700,2024-08-14,,,,Novo,Ativo
2701,Cliente 02701,2024-06-02,,,,Novo,Ativo
2702,Cliente 02702,2025-04-13,,,,Recorrente,Ativo
2703,Cliente 02703,2025-02-08,,,,Recorrente,Ativo
2704,Cliente 02704,2024-07-20,,,,Recorrente,Ativo
2705,Cliente 02705,2024-02-07,,,,Novo,Ativo
2706,Cliente 02706,2024-07-06,,,,Recorrente,Ativo
2707,Cliente 02707,2024-02-26,,,,Recorrente,Ativo
2708,Cliente 02708,2024-01-20,,,,Novo,Ativo
2709,Cliente 02709,2024-09-29,,,,Novo,Ativo
2710,Cliente 02710,2024-04-28,,,,Novo,Ativo
2711,Cliente 02711,2025-08-05,,,,Novo,Ativo
2712,Cliente 02712,2025-05-30,,,,Novo,Ativo
2713,Cliente 02713,2024-08-08,,,,Novo,Ativo
2714,Cliente 02714,2025-06-09,,,,Novo,Inativo
2715,Cliente 02715,2025-05-29,,,,Recorrente,Ativo
2716,Cliente 02716,2025-12-28,,,,Recorrente,Ativo
2717,Cliente 02717,2024-12-01,,,,Recorrente,Ativo
2718,Cliente 02718,2025-11-28,,,,Novo,Ativo
2719,Cliente 02719,2024-02-24,,,,Novo,Ativo
2720,Cliente 02720,2025-05-14,,,,Recorrente,Ativo
2721,Cliente 02721,2025-06-19,,,,Novo,Ativo
2722,Cliente 02722,2024-06-10,,,,VIP,Ativo
2723,Cliente 02723,2025-10-31,,,,Recorrente,Ativo
2724,Cliente 02724,2025-08-16,,,,Novo,Ativo
2725,Cliente 02725,2024-06-07,,,,VIP,Ativo
2726,Cliente 02726,2024-07-06,,,,Novo,Ativo
2727,Cliente 02727,2024-02-29,,,,Novo,Inativo
2728,Cliente 02728,2024-11-14,,,,Recorrente,Ativo
2729,Cliente 02729,2024-07-29,,,,Novo,Ativo
2730,Cliente 02730,2025-02-09,,,,VIP,Ativo
2731,Cliente 02731,2025-10-25,,,,Novo,Ativo
2732,Cliente 02732,2024-04-18,,,,Novo,Ativo
2733,Cliente 02733,2024-03-16,,,,Recorrente,Ativo
2734,Cliente 02734,2025-06-25,,,,Recorrente,Ativo
2735,Cliente 02735,2024-11-09,,,,Novo,Ativo
2736,Cliente 02736,2024-04-26,,,,Novo,Ativo
2737,Cliente 02737,2025-12-04,,,,Recorrente,Ativo
2738,Cliente 02738,2024-01-19,,,,Novo,Ativo
2739,Cliente 02739,2025-03-07,,,,Recorrente,Ativo
2740,Cliente 02740,2025-11-15,,,,Recorrente,Ativo
2741,Cliente 02741,2024-12-15,,,,Recorrente,Inativo
2742,Cliente 02742,2024-07-01,,,,Recorrente,Ativo
2743,Cliente 02743,2024-04-22,,,,Novo,Ativo
2744,Cliente 02744,2024-07-01,,,,Recorrente,Ativo
2745,Cliente 02745,2025-04-25,,,,Recorrente,Inativo
2746,Cliente 02746,2024-05-25,,,,Novo,Ativo
2747,Cliente 02747,2025-09-19,,,,VIP,Ativo
2748,Cliente 02748,2024-04-22,,,,Novo,Ativo
2749,Cliente 02749,2025-04-20,,,,Novo,Ativo
2750,Cliente 02750,2024-10-29,,,,Novo,Ativo
2751,Cliente 02751,2024-04-27,,,,VIP,Ativo
2752,Cliente 02752,2024-06-09,,,,Novo,Ativo
2753,Cliente 02753,2025-02-04,,,,Recorrente,Ativo
2754,Cliente 02754,2024-07-16,,,,Recorrente,Ativo
2755,Cliente 02755,2024-09-16,,,,Novo,Ativo
2756,Cliente 02756,2025-10-21,,,,Novo,Ativo
2757,Cliente 02757,2024-02-16,,,,Recorrente,Ativo
2758,Cliente 02758,2025-02-02,,,,Novo,Ativo
2759,Cliente 02759,2025-12-10,,,,Recorrente,Ativo
2760,Cliente 02760,2025-07-12,,,,Novo,Ativo
2761,Cliente 02761,2024-03-18,,,,Novo,Ativo
2762,Cliente 02762,2024-05-03,,,,Recorrente,Ativo
2763,Cliente 02763,2024-03-15,,,,Novo,Ativo
2764,Cliente 02764,2024-05-16,,,,Novo,Ativo
2765,Cliente 02765,2025-08-24,,,,Novo,Inativo
2766,Cliente 02766,2025-02-03,,,,Novo,Ativo
2767,Cliente 02767,2025-05-19,,,,Novo,Ativo
2768,Cliente 02768,2025-05-14,,,,Recorrente,Ativo
2769,Cliente 02769,2025-07-26,,,,Novo,Ativo
2770,Cliente 02770,2024-05-17,,,,Novo,Ativo
2771,Cliente 02771,2024-02-19,,,,Recorrente,Ativo
2772,Cliente 02772,2025-09-10,,,,Novo,Inativo
2773,Cliente 02773,2025-09-16,,,,Novo,Inativo
2774,Cliente 02774,2024-09-10,,,,VIP,Ativo
2775,Cliente 02775,2025-09-21,,,,Recorrente,Ativo
2776,Cliente 02776,2025-12-10,,,,Recorrente,Ativo
2777,Cliente 02777,2025-07-16,,,,Recorrente,Ativo
2778,Cliente 02778,2025-03-01,,,,Novo,Inativo
2779,Cliente 02779,2025-06-30,,,,Recorrente,Ativo
2780,Cliente 02780,2024-10-28,,,,Novo,Ativo
2781,Cliente 02781,2025-08-03,,,,Novo,Ativo
2782,Cliente 02782,2024-12-14,,,,Novo,Ativo
2783,Cliente 02783,2024-02-18,,,,Novo,Inativo
2784,Cliente 02784,2024-03-14,,,,Novo,Ativo
2785,Cliente 02785,2025-12-04,,,,VIP,Ativo
2786,Cliente 02786,2024-09-17,,,,Novo,Ativo
2787,Cliente 02787,2024-12-21,,,,Novo,Ativo
2788,Cliente 02788,2025-08-04,,,,Novo,Ativo
2789,Cliente 02789,2025-08-24,,,,Novo,Ativo
2790,Cliente 02790,2024-09-16,,,,Recorrente,Ativo
2791,Cliente 02791,2025-09-29,,,,Novo,Ativo
2792,Cliente 02792,2024-10-21,,,,Novo,Ativo
2793,Cliente 02793,2025-10-02,,,,Novo,Ativo
2794,Cliente 02794,2024-11-08,,,,Recorrente,Ativo
2795,Cliente 02795,2025-09-03,,,,Novo,Ativo
2796,Cliente 02796,2024-06-30,,,,Novo,Ativo
2797,Cliente 02797,2025-11-16,,,,Novo,Ativo
2798,Cliente 02798,2024-12-29,,,,Novo,Ativo
2799,Cliente 02799,2024-07-06,,,,Novo,Ativo
2800,Cliente 02800,2025-07-22,,,,Recorrente,Ativo
2801,Cliente 02801,2025-06-26,,,,Recorrente,Ativo
2802,Cliente 02802,2025-08-18,,,,Recorrente,Ativo
2803,Cliente 02803,2025-10-25,,,,Novo,Ativo
2804,Cliente 02804,2025-07-01,,,,Novo,Inativo
2805,Cliente 02805,2025-12-25,,,,Novo,Inativo
2806,Cliente 02806,2025-02-11,,,,VIP,Ativo
2807,Cliente 02807,2025-09-09,,,,Recorrente,Ativo
2808,Cliente 02808,2025-02-17,,,,Recorrente,Ativo
2809,Cliente 02809,2024-12-07,,,,Novo,Ativo
2810,Cliente 02810,2024-08-07,,,,Novo,Ativo
2811,Cliente 02811,2024-06-11,,,,Novo,Ativo
2812,Cliente 02812,2024-08-07,,,,Recorrente,Ativo
2813,Cliente 02813,2024-09-26,,,,VIP,Ativo
2814,Cliente 02814,2025-09-23,,,,VIP,Ativo
2815,Cliente 02815,2025-02-03,,,,Novo,Ativo
2816,Cliente 02816,2024-06-30,,,,Novo,Inativo
2817,Cliente 02817,2025-09-09,,,,VIP,Ativo
2818,Cliente 02818,2025-12-29,,,,Recorrente,Ativo
2819,Cliente 02819,2024-07-23,,,,Novo,Ativo
2820,Cliente 02820,2025-08-04,,,,Novo,Ativo
2821,Cliente 02821,2025-07-09,,,,Novo,Ativo
2822,Cliente 02822,2024-08-15,,,,Novo,Ativo
2823,Cliente 02823,2025-11-26,,,,Novo,Ativo
2824,Cliente 02824,2025-09-10,,,,Recorrente,Ativo
2825,Cliente 02825,2025-08-18,,,,Novo,Ativo
2826,Cliente 02826,2024-09-06,,,,Novo,Inativo
2827,Cliente 02827,2025-03-16,,,,Novo,Ativo
2828,Cliente 02828,2025-06-16,,,,Recorrente,Inativo
2829,Cliente 02829,2024-07-14,,,,Recorrente,Inativo
2830,Cliente 02830,2025-11-20,,,,Novo,Ativo
2831,Cliente 02831,2025-06-02,,,,VIP,Ativo
2832,Cliente 02832,2024-03-10,,,,VIP,Ativo
2833,Cliente 02833,2025-09-30,,,,Novo,Ativo
2834,Cliente 02834,2025-02-02,,,,Novo,Ativo
2835,Cliente 02835,2025-11-02,,,,Recorrente,Ativo
2836,Cliente 02836,2024-07-21,,,,Recorrente,Ativo
2837,Cliente 02837,2024-05-27,,,,VIP,Ativo
2838,Cliente 02838,2025-04-16,,,,Recorrente,Ativo
2839,Cliente 02839,2025-10-16,,,,Recorrente,Ativo
2840,Cliente 02840,2024-07-17,,,,Novo,Ativo
2841,Cliente 02841,2025-03-01,,,,Novo,Ativo
2842,Cliente 02842,2025-10-27,,,,Novo,Ativo
2843,Cliente 02843,2025-05-06,,,,Novo,Ativo
2844,Cliente 02844,2024-05-21,,,,Recorrente,Ativo
2845,Cliente 02845,2024-11-08,,,,Recorrente,Ativo
2846,Cliente 02846,2024-06-13,,,,Recorrente,Ativo
2847,Cliente 02847,2024-11-09,,,,Novo,Inativo
2848,Cliente 02848,2024-01-21,,,,Recorrente,Ativo
2849,Cliente 02849,2024-03-22,,,,Novo,Ativo
2850,Cliente 02850,2025-08-03,,,,Novo,Ativo
2851,Cliente 02851,2024-05-10,,,,Recorrente,Ativo
2852,Cliente 02852,2025-08-21,,,,Recorrente,Ativo
2853,Cliente 02853,2025-12-30,,,,VIP,Ativo
2854,Cliente 02854,2024-10-31,,,,Novo,Ativo
2855,Cliente 02855,2025-01-05,,,,Novo,Ativo
2856,Cliente 02856,2025-01-18,,,,Novo,Ativo
2857,Cliente 02857,2025-03-20,,,,Novo,Ativo
2858,Cliente 02858,2025-02-28,,,,Recorrente,Ativo
2859,Cliente 02859,2024-06-09,,,,Recorrente,Ativo
2860,Cliente 02860,2024-06-26,,,,Recorrente,Ativo
2861,Cliente 02861,2025-09-20,,,,Novo,Ativo
2862,Cliente 02862,2025-12-08,,,,Recorrente,Ativo
2863,Cliente 02863,2025-05-04,,,,Novo,Ativo
2864,Cliente 02864,2024-11-22,,,,Recorrente,Ativo
2865,Cliente 02865,2025-08-20,,,,Novo,Ativo
2866,Cliente 02866,2024-10-15,,,,Novo,Ativo
2867,Cliente 02867,2025-08-15,,,,Novo,Ativo
2868,Cliente 02868,2025-10-25,,,,VIP,Ativo
2869,Cliente 02869,2025-07-26,,,,Novo,Ativo
2870,Cliente 02870,2025-07-26,,,,Novo,Ativo
2871,Cliente 02871,2024-12-19,,,,Recorrente,Ativo
2872,Cliente 02872,2024-01-28,,,,Novo,Ativo
2873,Cliente 02873,2024-02-12,,,,Novo,Ativo
2874,Cliente 02874,2025-11-11,,,,Novo,Ativo
2875,Cliente 02875,2025-02-26,,,,Novo,Inativo
2876,Cliente 02876,2025-08-20,,,,VIP,Ativo
2877,Cliente 02877,2024-06-25,,,,Recorrente,Ativo
2878,Cliente 02878,2025-06-12,,,,Novo,Ativo
2879,Cliente 02879,2025-09-01,,,,VIP,Ativo
2880,Cliente 02880,2025-05-08,,,,Novo,Ativo
2881,Cliente 02881,2024-07-16,,,,Novo,Inativo
2882,Cliente 02882,2025-09-01,,,,Novo,Ativo
2883,Cliente 02883,2025-07-30,,,,Novo,Ativo
2884,Cliente 02884,2025-05-31,,,,Novo,Ativo
2885,Cliente 02885,2025-05-28,,,,VIP,Ativo
2886,Cliente 02886,2024-01-22,,,,Recorrente,Ativo
2887,Cliente 02887,2024-04-21,,,,Novo,Ativo
2888,Cliente 02888,2024-02-26,,,,Recorrente,Ativo
2889,Cliente 02889,2024-03-06,,,,Recorrente,Ativo
2890,Cliente 02890,2024-04-07,,,,VIP,Ativo
2891,Cliente 02891,2024-05-23,,,,Recorrente,Inativo
2892,Cliente 02892,2025-03-10,,,,Novo,Ativo
2893,Cliente 02893,2025-09-28,,,,Recorrente,Ativo
2894,Cliente 02894,2025-11-09,,,,Recorrente,Ativo
2895,Cliente 02895,2024-03-26,,,,Recorrente,Ativo
2896,Cliente 02896,2025-08-10,,,,Novo,Inativo
2897,Cliente 02897,2024-12-09,,,,Novo,Ativo
2898,Cliente 02898,2024-10-20,,,,Novo,Ativo
2899,Cliente 02899,2025-07-24,,,,Novo,Ativo
2900,Cliente 02900,2025-10-11,,,,Novo,Ativo
2901,Cliente 02901,2025-09-02,,,,Recorrente,Ativo
2902,Cliente 02902,2025-12-04,,,,Novo,Ativo
2903,Cliente 02903,2024-08-30,,,,Recorrente,Ativo
2904,Cliente 02904,2025-07-14,,,,Novo,Ativo
2905,Cliente 02905,2024-02-01,,,,VIP,Ativo
2906,Cliente 02906,2025-01-25,,,,Novo,Ativo
2907,Cliente 02907,2024-10-03,,,,Novo,Ativo
2908,Cliente 02908,2025-06-15,,,,Recorrente,Ativo
2909,Cliente 02909,2024-06-02,,,,Recorrente,Ativo
2910,Cliente 02910,2025-01-17,,,,VIP,Ativo
2911,Cliente 02911,2024-03-08,,,,Novo,Ativo
2912,Cliente 02912,2024-08-01,,,,Novo,Ativo
2913,Cliente 02913,2025-10-16,,,,VIP,Inativo
2914,Cliente 02914,2025-01-10,,,,Novo,Ativo
2915,Cliente 02915,2024-07-31,,,,Recorrente,Ativo
2916,Cliente 02916,2024-03-19,,,,Novo,Ativo
2917,Cliente 02917,2025-12-26,,,,Novo,Ativo
2918,Cliente 02918,2025-09-19,,,,Novo,Ativo
2919,Cliente 02919,2025-08-26,,,,Novo,Ativo
2920,Cliente 02920,2025-01-15,,,,Recorrente,Ativo
2921,Cliente 02921,2025-11-10,,,,VIP,Ativo
2922,Cliente 02922,2024-02-27,,,,Novo,Ativo
2923,Cliente 02923,2024-01-26,,,,Recorrente,Ativo
2924,Cliente 02924,2025-03-22,,,,Novo,Ativo
2925,Cliente 02925,2024-03-06,,,,Novo,Ativo
2926,Cliente 02926,2024-09-10,,,,Novo,Ativo
2927,Cliente 02927,2024-02-13,,,,VIP,Ativo
2928,Cliente 02928,2024-04-06,,,,Recorrente,Ativo
2929,Cliente 02929,2025-07-07,,,,Recorrente,Ativo
2930,Cliente 02930,2024-08-14,,,,Recorrente,Ativo
2931,Cliente 02931,2025-11-09,,,,Recorrente,Inativo
2932,Cliente 02932,2025-03-11,,,,VIP,Ativo
2933,Cliente 02933,2025-08-23,,,,Recorrente,Ativo
2934,Cliente 02934,2025-01-13,,,,VIP,Ativo
2935,Cliente 02935,2024-06-26,,,,Novo,Ativo
2936,Cliente 02936,2025-03-02,,,,Novo,Ativo
2937,Cliente 02937,2025-12-09,,,,Novo,Ativo
2938,Cliente 02938,2024-11-02,,,,Novo,Ativo
2939,Cliente 02939,2025-05-18,,,,Recorrente,Ativo
2940,Cliente 02940,2024-09-24,,,,Novo,Ativo
2941,Cliente 02941,2025-08-08,,,,Recorrente,Ativo
2942,Cliente 02942,2024-01-08,,,,Novo,Ativo
2943,Cliente 02943,2025-05-22,,,,Novo,Ativo
2944,Cliente 02944,2025-04-20,,,,Novo,Ativo
2945,Cliente 02945,2024-10-23,,,,VIP,Ativo
2946,Cliente 02946,2024-06-12,,,,Novo,Ativo
2947,Cliente 02947,2025-04-29,,,,Novo,Ativo
2948,Cliente 02948,2025-08-19,,,,Recorrente,Ativo
2949,Cliente 02949,2024-03-12,,,,Recorrente,Inativo
2950,Cliente 02950,2025-07-20,,,,Novo,Ativo
2951,Cliente 02951,2025-07-12,,,,Novo,Ativo
2952,Cliente 02952,2024-08-25,,,,Novo,Ativo
2953,Cliente 02953,2024-04-13,,,,VIP,Ativo
2954,Cliente 02954,2024-07-28,,,,Novo,Ativo
2955,Cliente 02955,2025-07-07,,,,Novo,Ativo
2956,Cliente 02956,2025-04-12,,,,Novo,Ativo
2957,Cliente 02957,2025-03-29,,,,Novo,Ativo
2958,Cliente 02958,2024-09-24,,,,Recorrente,Inativo
2959,Cliente 02959,2025-01-20,,,,Novo,Ativo
2960,Cliente 02960,2025-01-21,,,,Novo,Ativo
2961,Cliente 02961,2024-09-15,,,,Novo,Ativo
2962,Cliente 02962,2024-10-09,,,,Novo,Ativo
2963,Cliente 02963,2025-09-17,,,,Novo,Ativo
2964,Cliente 02964,2024-02-09,,,,Recorrente,Ativo
2965,Cliente 02965,2025-04-30,,,,Recorrente,Ativo
2966,Cliente 02966,2024-08-07,,,,VIP,Ativo
2967,Cliente 02967,2024-05-08,,,,Recorrente,Ativo
2968,Cliente 02968,2025-06-03,,,,Recorrente,Ativo
2969,Cliente 02969,2025-09-04,,,,Novo,Ativo
2970,Cliente 02970,2025-11-18,,,,Recorrente,Ativo
2971,Cliente 02971,2025-09-10,,,,Recorrente,Ativo
2972,Cliente 02972,2025-09-04,,,,Recorrente,Ativo
2973,Cliente 02973,2024-09-16,,,,Novo,Ativo
2974,Cliente 02974,2024-12-31,,,,Novo,Ativo
2975,Cliente 02975,2025-06-27,,,,Recorrente,Ativo
2976,Cliente 02976,2025-10-10,,,,Recorrente,Ativo
2977,Cliente 02977,2025-06-07,,,,VIP,Ativo
2978,Cliente 02978,2024-01-16,,,,Novo,Ativo
2979,Cliente 02979,2024-05-08,,,,Novo,Ativo
2980,Cliente 02980,2025-07-28,,,,Novo,Ativo
2981,Cliente 02981,2024-04-18,,,,Recorrente,Ativo
2982,Cliente 02982,2025-06-16,,,,Novo,Ativo
2983,Cliente 02983,2025-10-31,,,,Novo,Ativo
2984,Cliente 02984,2024-09-25,,,,VIP,Ativo
2985,Cliente 02985,2024-06-10,,,,Novo,Ativo
2986,Cliente 02986,2024-09-16,,,,Recorrente,Ativo
2987,Cliente 02987,2024-04-11,,,,Novo,Ativo
2988,Cliente 02988,2025-05-20,,,,Recorrente,Ativo
2989,Cliente 02989,2025-07-24,,,,Recorrente,Inativo
2990,Cliente 02990,2024-09-03,,,,VIP,Ativo
2991,Cliente 02991,2025-10-01,,,,VIP,Ativo
2992,Cliente 02992,2025-06-20,,,,Novo,Ativo
2993,Cliente 02993,2024-05-10,,,,Novo,Ativo
2994,Cliente 02994,2024-12-18,,,,Novo,Ativo
2995,Cliente 02995,2024-07-14,,,,Recorrente,Ativo
2996,Cliente 02996,2025-10-27,,,,Recorrente,Ativo
2997,Cliente 02997,2025-01-16,,,,Novo,Ativo
2998,Cliente 02998,2025-10-06,,,,Recorrente,Ativo
2999,Cliente 02999,2024-08-14,,,,Novo,Ativo
3000,Cliente 03000,2025-12-01,,,,Recorrente,Ativo
3001,Cliente 03001,2025-04-20,,,,VIP,Ativo
3002,Cliente 03002,2025-04-21,,,,Novo,Ativo
3003,Cliente 03003,2024-09-21,,,,Novo,Ativo
3004,Cliente 03004,2025-01-06,,,,Novo,Ativo
3005,Cliente 03005,2025-04-30,,,,Recorrente,Ativo
3006,Cliente 03006,2025-03-09,,,,Novo,Inativo
3007,Cliente 03007,2025-10-07,,,,Novo,Ativo
3008,Cliente 03008,2024-07-29,,,,Novo,Inativo
3009,Cliente 03009,2025-07-25,,,,Novo,Ativo
3010,Cliente 03010,2025-01-11,,,,Novo,Ativo
3011,Cliente 03011,2025-01-29,,,,Recorrente,Ativo
3012,Cliente 03012,2025-03-25,,,,Novo,Ativo
3013,Cliente 03013,2024-12-29,,,,Recorrente,Ativo
3014,Cliente 03014,2025-04-01,,,,Recorrente,Ativo
3015,Cliente 03015,2025-12-25,,,,Novo,Ativo
3016,Cliente 03016,2025-12-28,,,,Novo,Ativo
3017,Cliente 03017,2024-08-13,,,,Recorrente,Ativo
3018,Cliente 03018,2024-05-10,,,,VIP,Ativo
3019,Cliente 03019,2025-08-10,,,,Novo,Ativo
3020,Cliente 03020,2025-04-20,,,,Novo,Ativo
3021,Cliente 03021,2024-10-03,,,,Novo,Ativo
3022,Cliente 03022,2024-06-04,,,,Recorrente,Ativo
3023,Cliente 03023,2024-08-05,,,,Novo,Ativo
3024,Cliente 03024,2024-07-08,,,,Novo,Ativo
3025,Cliente 03025,2025-02-20,,,,Recorrente,Ativo
3026,Cliente 03026,2025-11-05,,,,Recorrente,Ativo
3027,Cliente 03027,2025-11-22,,,,Novo,Ativo
3028,Cliente 03028,2025-06-29,,,,Novo,Ativo
3029,Cliente 03029,2024-02-10,,,,Recorrente,Ativo
3030,Cliente 03030,2024-11-02,,,,Novo,Ativo
3031,Cliente 03031,2024-12-03,,,,Novo,Ativo
3032,Cliente 03032,2024-11-09,,,,Recorrente,Ativo
3033,Cliente 03033,2024-03-15,,,,Novo,Ativo
3034,Cliente 03034,2024-10-05,,,,Recorrente,Ativo
3035,Cliente 03035,2024-06-24,,,,VIP,Ativo
3036,Cliente 03036,2025-10-23,,,,Novo,Ativo
3037,Cliente 03037,2024-09-29,,,,Novo,Ativo
3038,Cliente 03038,2025-09-11,,,,Recorrente,Ativo
3039,Cliente 03039,2025-10-12,,,,Recorrente,Ativo
3040,Cliente 03040,2024-10-15,,,,VIP,Ativo
3041,Cliente 03041,2025-12-24,,,,Recorrente,Ativo
3042,Cliente 03042,2024-09-28,,,,Novo,Ativo
3043,Cliente 03043,2024-03-06,,,,Recorrente,Ativo
3044,Cliente 03044,2025-04-27,,,,Novo,Ativo
3045,Cliente 03045,2024-09-04,,,,Novo,Ativo
3046,Cliente 03046,2024-06-04,,,,Novo,Ativo
3047,Cliente 03047,2024-02-16,,,,Novo,Ativo
3048,Cliente 03048,2025-03-29,,,,Recorrente,Ativo
3049,Cliente 03049,2024-07-19,,,,Novo,Ativo
3050,Cliente 03050,2025-10-21,,,,Novo,Ativo
3051,Cliente 03051,2024-05-03,,,,Novo,Ativo
3052,Cliente 03052,2024-01-01,,,,Recorrente,Ativo
3053,Cliente 03053,2025-10-01,,,,Recorrente,Ativo
3054,Cliente 03054,2024-07-09,,,,Novo,Ativo
3055,Cliente 03055,2025-08-01,,,,Novo,Ativo
3056,Cliente 03056,2025-05-30,,,,Novo,Ativo
3057,Cliente 03057,2025-03-17,,,,VIP,Ativo
3058,Cliente 03058,2024-05-22,,,,Recorrente,Ativo
3059,Cliente 03059,2024-07-09,,,,Novo,Ativo
3060,Cliente 03060,2025-06-16,,,,Recorrente,Ativo
3061,Cliente 03061,2024-08-14,,,,Novo,Inativo
3062,Cliente 03062,2024-11-08,,,,Recorrente,Ativo
3063,Cliente 03063,2025-09-20,,,,Novo,Ativo
3064,Cliente 03064,2024-10-28,,,,Novo,Ativo
3065,Cliente 03065,2025-10-15,,,,Novo,Ativo
3066,Cliente 03066,2025-04-04,,,,Novo,Ativo
3067,Cliente 03067,2025-02-04,,,,VIP,Ativo
3068,Cliente 03068,2025-07-04,,,,Novo,Ativo
3069,Cliente 03069,2025-01-27,,,,Recorrente,Ativo
3070,Cliente 03070,2024-07-25,,,,Recorrente,Ativo
3071,Cliente 03071,2024-07-28,,,,Novo,Ativo
3072,Cliente 03072,2024-04-24,,,,Novo,Inativo
3073,Cliente 03073,2025-10-07,,,,Novo,Ativo
3074,Cliente 03074,2024-09-07,,,,Recorrente,Ativo
3075,Cliente 03075,2024-08-06,,,,Novo,Ativo
3076,Cliente 03076,2025-02-10,,,,Novo,Ativo
3077,Cliente 03077,2025-03-18,,,,Novo,Ativo
3078,Cliente 03078,2025-08-25,,,,Recorrente,Ativo
3079,Cliente 03079,2024-12-19,,,,Novo,Ativo
3080,Cliente 03080,2025-07-11,,,,Novo,Ativo
3081,Cliente 03081,2025-07-03,,,,Novo,Ativo
3082,Cliente 03082,2024-05-21,,,,Novo,Ativo
3083,Cliente 03083,2025-09-03,,,,Recorrente,Ativo
3084,Cliente 03084,2025-05-15,,,,Novo,Ativo
3085,Cliente 03085,2025-12-02,,,,Recorrente,Ativo
3086,Cliente 03086,2025-06-30,,,,Recorrente,Ativo
3087,Cliente 03087,2025-10-20,,,,Recorrente,Ativo
3088,Cliente 03088,2025-06-25,,,,Recorrente,Ativo
3089,Cliente 03089,2025-05-21,,,,Novo,Inativo
3090,Cliente 03090,2025-08-18,,,,Novo,Ativo
3091,Cliente 03091,2024-10-07,,,,Recorrente,Ativo
3092,Cliente 03092,2025-02-27,,,,Novo,Ativo
3093,Cliente 03093,2024-09-26,,,,Recorrente,Ativo
3094,Cliente 03094,2024-06-02,,,,Novo,Ativo
3095,Cliente 03095,2025-09-05,,,,VIP,Ativo
3096,Cliente 03096,2025-12-27,,,,Recorrente,Ativo
3097,Cliente 03097,2025-10-23,,,,Novo,Ativo
3098,Cliente 03098,2024-03-23,,,,Novo,Ativo
3099,Cliente 03099,2025-09-13,,,,Recorrente,Inativo
3100,Cliente 03100,2025-03-01,,,,Recorrente,Ativo
3101,Cliente 03101,2024-10-01,,,,Novo,Ativo
3102,Cliente 03102,2025-12-13,,,,Recorrente,Ativo
3103,Cliente 03103,2024-10-10,,,,Novo,Ativo
3104,Cliente 03104,2024-06-21,,,,Novo,Ativo
3105,Cliente 03105,2024-11-22,,,,Recorrente,Ativo
3106,Cliente 03106,2025-12-18,,,,Recorrente,Ativo
3107,Cliente 03107,2024-03-03,,,,Recorrente,Ativo
3108,Cliente 03108,2024-03-13,,,,Recorrente,Ativo
3109,Cliente 03109,2025-09-27,,,,Novo,Ativo
3110,Cliente 03110,2025-01-09,,,,Recorrente,Ativo
3111,Cliente 03111,2025-09-24,,,,Novo,Ativo
3112,Cliente 03112,2025-05-22,,,,Novo,Ativo
3113,Cliente 03113,2025-02-01,,,,Novo,Ativo
3114,Cliente 03114,2024-04-29,,,,Novo,Ativo
3115,Cliente 03115,2025-03-12,,,,Novo,Inativo
3116,Cliente 03116,2025-11-06,,,,Novo,Inativo
3117,Cliente 03117,2025-04-09,,,,Novo,Ativo
3118,Cliente 03118,2024-10-12,,,,Novo,Ativo
3119,Cliente 03119,2024-09-21,,,,Recorrente,Ativo
3120,Cliente 03120,2024-11-15,,,,Novo,Inativo
3121,Cliente 03121,2025-11-03,,,,Novo,Ativo
3122,Cliente 03122,2025-01-10,,,,Recorrente,Ativo
3123,Cliente 03123,2024-03-29,,,,Recorrente,Ativo
3124,Cliente 03124,2025-10-15,,,,Recorrente,Ativo
3125,Cliente 03125,2024-07-21,,,,Novo,Ativo
3126,Cliente 03126,2024-11-29,,,,Recorrente,Ativo
3127,Cliente 03127,2024-08-09,,,,Novo,Ativo
3128,Cliente 03128,2024-02-10,,,,Novo,Ativo
3129,Cliente 03129,2025-12-08,,,,Novo,Ativo
3130,Cliente 03130,2024-03-08,,,,Recorrente,Ativo
3131,Cliente 03131,2025-05-28,,,,Novo,Ativo
3132,Cliente 03132,2025-09-28,,,,Novo,Ativo
3133,Cliente 03133,2025-09-13,,,,Novo,Ativo
3134,Cliente 03134,2025-08-20,,,,Recorrente,Ativo
3135,Cliente 03135,2025-09-23,,,,Recorrente,Ativo
3136,Cliente 03136,2024-05-06,,,,Novo,Ativo
3137,Cliente 03137,2024-09-11,,,,Recorrente,Ativo
3138,Cliente 03138,2025-11-25,,,,Novo,Ativo
3139,Cliente 03139,2024-01-16,,,,Recorrente,Ativo
3140,Cliente 03140,2025-04-21,,,,Novo,Ativo
3141,Cliente 03141,2024-03-02,,,,Recorrente,Ativo
3142,Cliente 03142,2025-03-07,,,,Novo,Ativo
3143,Cliente 03143,2025-10-31,,,,Recorrente,Inativo
3144,Cliente 03144,2024-09-24,,,,Novo,Ativo
3145,Cliente 03145,2024-02-04,,,,Novo,Ativo
3146,Cliente 03146,2025-07-29,,,,Novo,Ativo
3147,Cliente 03147,2025-05-08,,,,Novo,Ativo
3148,Cliente 03148,2025-07-15,,,,Novo,Ativo
3149,Cliente 03149,2025-04-13,,,,Recorrente,Ativo
3150,Cliente 03150,2025-10-22,,,,Novo,Ativo
3151,Cliente 03151,2024-11-20,,,,Recorrente,Ativo
3152,Cliente 03152,2024-10-30,,,,Recorrente,Inativo
3153,Cliente 03153,2024-10-02,,,,Recorrente,Ativo
3154,Cliente 03154,2025-11-14,,,,Recorrente,Ativo
3155,Cliente 03155,2024-07-19,,,,Recorrente,Ativo
3156,Cliente 03156,2025-03-20,,,,Novo,Inativo
3157,Cliente 03157,2024-11-19,,,,Recorrente,Ativo
3158,Cliente 03158,2024-02-04,,,,Novo,Ativo
3159,Cliente 03159,2025-04-26,,,,Recorrente,Ativo
3160,Cliente 03160,2025-12-28,,,,Recorrente,Ativo
3161,Cliente 03161,2025-04-24,,,,Novo,Ativo
3162,Cliente 03162,2024-03-05,,,,Novo,Ativo
3163,Cliente 03163,2024-01-08,,,,Novo,Ativo
3164,Cliente 03164,2024-10-27,,,,Recorrente,Ativo
3165,Cliente 03165,2024-12-08,,,,VIP,Inativo
3166,Cliente 03166,2025-03-06,,,,Novo,Inativo
3167,Cliente 03167,2025-02-27,,,,Recorrente,Ativo
3168,Cliente 03168,2024-11-27,,,,VIP,Ativo
3169,Cliente 03169,2025-03-13,,,,Novo,Ativo
3170,Cliente 03170,2025-08-10,,,,Novo,Ativo
3171,Cliente 03171,2024-06-22,,,,Recorrente,Ativo
3172,Cliente 03172,2025-07-12,,,,Recorrente,Ativo
3173,Cliente 03173,2025-06-10,,,,Recorrente,Ativo
3174,Cliente 03174,2025-10-20,,,,Novo,Ativo
3175,Cliente 03175,2024-01-26,,,,Novo,Ativo
3176,Cliente 03176,2025-08-27,,,,Novo,Ativo
3177,Cliente 03177,2025-02-09,,,,Novo,Ativo
3178,Cliente 03178,2024-08-19,,,,Novo,Ativo
3179,Cliente 03179,2025-06-16,,,,Recorrente,Ativo
3180,Cliente 03180,2025-07-03,,,,Novo,Ativo
3181,Cliente 03181,2025-05-19,,,,Recorrente,Ativo
3182,Cliente 03182,2025-10-30,,,,Novo,Ativo
3183,Cliente 03183,2024-06-27,,,,Recorrente,Ativo
3184,Cliente 03184,2024-05-11,,,,Novo,Ativo
3185,Cliente 03185,2025-03-30,,,,Novo,Ativo
3186,Cliente 03186,2024-12-13,,,,Novo,Ativo
3187,Cliente 03187,2025-06-23,,,,VIP,Ativo
3188,Cliente 03188,2025-02-09,,,,Recorrente,Ativo
3189,Cliente 03189,2024-03-16,,,,Novo,Ativo
3190,Cliente 03190,2025-08-01,,,,Novo,Ativo
3191,Cliente 03191,2025-05-06,,,,VIP,Ativo
3192,Cliente 03192,2024-07-12,,,,Novo,Ativo
3193,Cliente 03193,2024-06-10,,,,Novo,Ativo
3194,Cliente 03194,2024-12-12,,,,Recorrente,Ativo
3195,Cliente 03195,2024-12-26,,,,VIP,Ativo
3196,Cliente 03196,2025-08-06,,,,Novo,Ativo
3197,Cliente 03197,2024-03-27,,,,Novo,Ativo
3198,Cliente 03198,2024-09-18,,,,VIP,Ativo
3199,Cliente 03199,2024-08-01,,,,Novo,Ativo
3200,Cliente 03200,2025-10-26,,,,Novo,Ativo
3201,Cliente 03201,2025-12-22,,,,Recorrente,Ativo
3202,Cliente 03202,2025-07-26,,,,Recorrente,Inativo
3203,Cliente 03203,2024-09-18,,,,Novo,Ativo
3204,Cliente 03204,2025-12-30,,,,VIP,Ativo
3205,Cliente 03205,2024-10-09,,,,Recorrente,Ativo
3206,Cliente 03206,2025-10-09,,,,Novo,Ativo
3207,Cliente 03207,2025-04-11,,,,VIP,Ativo
3208,Cliente 03208,2025-01-14,,,,Novo,Ativo
3209,Cliente 03209,2024-12-27,,,,Novo,Ativo
3210,Cliente 03210,2025-03-24,,,,Recorrente,Ativo
3211,Cliente 03211,2025-03-16,,,,Novo,Ativo
3212,Cliente 03212,2024-04-02,,,,Novo,Ativo
3213,Cliente 03213,2025-09-12,,,,Novo,Ativo
3214,Cliente 03214,2025-02-27,,,,Novo,Ativo
3215,Cliente 03215,2024-05-21,,,,Recorrente,Ativo
3216,Cliente 03216,2024-10-17,,,,Recorrente,Ativo
3217,Cliente 03217,2025-03-07,,,,VIP,Ativo
3218,Cliente 03218,2025-11-19,,,,Novo,Ativo
3219,Cliente 03219,2025-10-14,,,,Novo,Ativo
3220,Cliente 03220,2025-12-01,,,,Novo,Ativo
3221,Cliente 03221,2024-02-18,,,,Novo,Ativo
3222,Cliente 03222,2024-10-28,,,,Novo,Ativo
3223,Cliente 03223,2024-07-08,,,,Recorrente,Ativo
3224,Cliente 03224,2024-05-15,,,,VIP,Ativo
3225,Cliente 03225,2025-07-08,,,,VIP,Ativo
3226,Cliente 03226,2025-02-07,,,,Novo,Ativo
3227,Cliente 03227,2025-08-24,,,,Recorrente,Ativo
3228,Cliente 03228,2024-12-06,,,,Novo,Ativo
3229,Cliente 03229,2025-12-04,,,,Novo,Ativo
3230,Cliente 03230,2024-11-13,,,,Recorrente,Ativo
3231,Cliente 03231,2025-09-09,,,,Recorrente,Ativo
3232,Cliente 03232,2024-12-28,,,,Novo,Ativo
3233,Cliente 03233,2025-01-16,,,,Novo,Inativo
3234,Cliente 03234,2024-08-20,,,,Novo,Ativo
3235,Cliente 03235,2024-12-09,,,,Recorrente,Ativo
3236,Cliente 03236,2025-07-02,,,,Novo,Ativo
3237,Cliente 03237,2025-07-06,,,,VIP,Ativo
3238,Cliente 03238,2025-06-12,,,,Novo,Ativo
3239,Cliente 03239,2025-07-24,,,,Novo,Ativo
3240,Cliente 03240,2024-07-01,,,,Novo,Ativo
3241,Cliente 03241,2024-02-10,,,,Novo,Ativo
3242,Cliente 03242,2025-07-04,,,,Novo,Ativo
3243,Cliente 03243,2025-01-31,,,,Recorrente,Ativo
3244,Cliente 03244,2025-12-04,,,,Recorrente,Ativo
3245,Cliente 03245,2025-05-08,,,,VIP,Ativo
3246,Cliente 03246,2025-10-20,,,,Recorrente,Ativo
3247,Cliente 03247,2024-11-28,,,,Recorrente,Ativo
3248,Cliente 03248,2024-05-06,,,,Recorrente,Ativo
3249,Cliente 03249,2025-07-11,,,,Recorrente,Ativo
3250,Cliente 03250,2025-07-10,,,,Novo,Ativo
3251,Cliente 03251,2024-01-01,,,,Novo,Inativo
3252,Cliente 03252,2024-06-16,,,,Novo,Ativo
3253,Cliente 03253,2025-09-11,,,,Novo,Ativo
3254,Cliente 03254,2024-01-19,,,,Novo,Ativo
3255,Cliente 03255,2024-11-27,,,,VIP,Ativo
3256,Cliente 03256,2025-08-06,,,,Novo,Ativo
3257,Cliente 03257,2025-03-31,,,,Novo,Ativo
3258,Cliente 03258,2024-04-18,,,,Novo,Ativo
3259,Cliente 03259,2024-09-24,,,,Novo,Ativo
3260,Cliente 03260,2025-03-20,,,,Novo,Ativo
3261,Cliente 03261,2024-08-27,,,,Novo,Ativo
3262,Cliente 03262,2024-10-27,,,,Novo,Inativo
3263,Cliente 03263,2025-08-24,,,,Novo,Inativo
3264,Cliente 03264,2024-04-12,,,,Recorrente,Ativo
3265,Cliente 03265,2024-09-06,,,,Recorrente,Ativo
3266,Cliente 03266,2025-03-28,,,,Novo,Ativo
3267,Cliente 03267,2025-06-03,,,,Novo,Ativo
3268,Cliente 03268,2024-06-01,,,,Novo,Ativo
3269,Cliente 03269,2024-06-22,,,,Recorrente,Inativo
3270,Cliente 03270,2024-12-08,,,,Novo,Inativo
3271,Cliente 03271,2025-10-31,,,,Novo,Ativo
3272,Cliente 03272,2025-03-06,,,,Recorrente,Ativo
3273,Cliente 03273,2025-12-27,,,,Novo,Ativo
3274,Cliente 03274,2025-11-19,,,,Novo,Ativo
3275,Cliente 03275,2025-11-17,,,,Novo,Ativo
3276,Cliente 03276,2025-10-19,,,,VIP,Ativo
3277,Cliente 03277,2024-11-19,,,,Recorrente,Ativo
3278,Cliente 03278,2025-11-03,,,,Recorrente,Ativo
3279,Cliente 03279,2025-09-30,,,,Novo,Inativo
3280,Cliente 03280,2025-02-23,,,,Novo,Ativo
3281,Cliente 03281,2025-08-16,,,,VIP,Ativo
3282,Cliente 03282,2025-04-29,,,,VIP,Ativo
3283,Cliente 03283,2025-10-20,,,,Novo,Ativo
3284,Cliente 03284,2025-02-15,,,,Recorrente,Ativo
3285,Cliente 03285,2024-03-24,,,,Novo,Ativo
3286,Cliente 03286,2024-04-22,,,,Novo,Inativo
3287,Cliente 03287,2024-11-27,,,,Recorrente,Ativo
3288,Cliente 03288,2025-01-12,,,,Novo,Ativo
3289,Cliente 03289,2025-10-16,,,,VIP,Ativo
3290,Cliente 03290,2024-02-10,,,,Novo,Ativo
3291,Cliente 03291,2024-04-14,,,,Novo,Ativo
3292,Cliente 03292,2024-07-20,,,,VIP,Ativo
3293,Cliente 03293,2025-03-25,,,,VIP,Ativo
3294,Cliente 03294,2024-09-22,,,,Novo,Ativo
3295,Cliente 03295,2024-07-28,,,,Novo,Ativo
3296,Cliente 03296,2025-07-16,,,,Recorrente,Ativo
3297,Cliente 03297,2024-04-27,,,,Novo,Ativo
3298,Cliente 03298,2025-12-13,,,,VIP,Ativo
3299,Cliente 03299,2025-01-11,,,,VIP,Ativo
3300,Cliente 03300,2025-07-04,,,,Novo,Ativo
3301,Cliente 03301,2025-06-23,,,,Novo,Ativo
3302,Cliente 03302,2024-03-24,,,,Novo,Ativo
3303,Cliente 03303,2025-03-29,,,,VIP,Inativo
3304,Cliente 03304,2025-10-28,,,,Novo,Ativo
3305,Cliente 03305,2025-09-20,,,,Novo,Ativo
3306,Cliente 03306,2025-05-28,,,,Novo,Ativo
3307,Cliente 03307,2025-08-27,,,,Recorrente,Ativo
3308,Cliente 03308,2025-11-08,,,,Novo,Inativo
3309,Cliente 03309,2025-01-21,,,,Novo,Ativo
3310,Cliente 03310,2024-12-15,,,,VIP,Ativo
3311,Cliente 03311,2024-10-22,,,,VIP,Ativo
3312,Cliente 03312,2024-09-14,,,,Recorrente,Ativo
3313,Cliente 03313,2024-03-21,,,,Novo,Ativo
3314,Cliente 03314,2024-09-24,,,,Novo,Ativo
3315,Cliente 03315,2025-02-22,,,,Recorrente,Ativo
3316,Cliente 03316,2024-08-22,,,,Novo,Ativo
3317,Cliente 03317,2024-11-06,,,,VIP,Ativo
3318,Cliente 03318,2024-12-22,,,,Recorrente,Ativo
3319,Cliente 03319,2024-07-31,,,,Novo,Ativo
3320,Cliente 03320,2025-07-27,,,,VIP,Ativo
3321,Cliente 03321,2024-02-18,,,,VIP,Ativo
3322,Cliente 03322,2024-05-06,,,,Novo,Inativo
3323,Cliente 03323,2024-08-10,,,,Novo,Ativo
3324,Cliente 03324,2024-10-05,,,,Novo,Ativo
3325,Cliente 03325,2025-02-11,,,,Novo,Ativo
3326,Cliente 03326,2025-05-19,,,,Novo,Ativo
3327,Cliente 03327,2024-10-20,,,,Recorrente,Ativo
3328,Cliente 03328,2024-10-03,,,,VIP,Ativo
3329,Cliente 03329,2025-03-13,,,,Novo,Inativo
3330,Cliente 03330,2024-04-16,,,,Novo,Ativo
3331,Cliente 03331,2025-10-19,,,,Recorrente,Ativo
3332,Cliente 03332,2025-02-23,,,,Novo,Ativo
3333,Cliente 03333,2025-09-02,,,,Recorrente,Ativo
3334,Cliente 03334,2025-03-04,,,,Novo,Inativo
3335,Cliente 03335,2025-01-09,,,,Novo,Ativo
3336,Cliente 03336,2024-03-13,,,,Novo,Ativo
3337,Cliente 03337,2025-09-25,,,,Recorrente,Ativo
3338,Cliente 03338,2024-01-30,,,,Novo,Ativo
3339,Cliente 03339,2024-07-06,,,,Recorrente,Ativo
3340,Cliente 03340,2024-12-29,,,,Novo,Ativo
3341,Cliente 03341,2025-03-26,,,,Novo,Ativo
3342,Cliente 03342,2024-07-13,,,,Novo,Ativo
3343,Cliente 03343,2024-06-04,,,,VIP,Ativo
3344,Cliente 03344,2024-06-20,,,,VIP,Ativo
3345,Cliente 03345,2024-02-10,,,,Novo,Ativo
3346,Cliente 03346,2024-03-03,,,,Novo,Ativo
3347,Cliente 03347,2024-01-23,,,,Novo,Ativo
3348,Cliente 03348,2024-12-25,,,,Novo,Ativo
3349,Cliente 03349,2024-03-15,,,,Novo,Ativo
3350,Cliente 03350,2025-07-13,,,,VIP,Ativo
3351,Cliente 03351,2025-11-02,,,,VIP,Ativo
3352,Cliente 03352,2024-04-27,,,,Novo,Ativo
3353,Cliente 03353,2025-09-03,,,,Novo,Ativo
3354,Cliente 03354,2025-01-14,,,,Recorrente,Ativo
3355,Cliente 03355,2025-11-09,,,,Recorrente,Ativo
3356,Cliente 03356,2024-10-16,,,,Novo,Ativo
3357,Cliente 03357,2025-03-15,,,,Novo,Ativo
3358,Cliente 03358,2025-10-29,,,,Novo,Ativo
3359,Cliente 03359,2024-01-07,,,,Novo,Ativo
3360,Cliente 03360,2024-07-14,,,,Novo,Inativo
3361,Cliente 03361,2025-02-24,,,,Novo,Ativo
3362,Cliente 03362,2025-07-21,,,,Recorrente,Ativo
3363,Cliente 03363,2024-07-11,,,,Novo,Ativo
3364,Cliente 03364,2025-07-12,,,,Novo,Ativo
3365,Cliente 03365,2024-05-27,,,,Novo,Ativo
3366,Cliente 03366,2025-10-30,,,,Recorrente,Ativo
3367,Cliente 03367,2024-07-20,,,,Recorrente,Ativo
3368,Cliente 03368,2025-03-19,,,,Novo,Ativo
3369,Cliente 03369,2025-02-22,,,,Novo,Inativo
3370,Cliente 03370,2025-03-02,,,,VIP,Ativo
3371,Cliente 03371,2025-04-23,,,,Novo,Ativo
3372,Cliente 03372,2025-04-19,,,,Novo,Ativo
3373,Cliente 03373,2024-05-05,,,,Novo,Ativo
3374,Cliente 03374,2025-01-29,,,,Novo,Inativo
3375,Cliente 03375,2025-07-29,,,,Novo,Ativo
3376,Cliente 03376,2024-11-20,,,,VIP,Inativo
3377,Cliente 03377,2025-01-26,,,,Recorrente,Ativo
3378,Cliente 03378,2025-11-18,,,,Novo,Ativo
3379,Cliente 03379,2025-09-19,,,,VIP,Ativo
3380,Cliente 03380,2025-03-15,,,,Novo,Ativo
3381,Cliente 03381,2024-07-22,,,,Novo,Ativo
3382,Cliente 03382,2025-04-30,,,,Recorrente,Inativo
3383,Cliente 03383,2024-01-31,,,,Recorrente,Ativo
3384,Cliente 03384,2025-01-22,,,,Novo,Ativo
3385,Cliente 03385,2025-09-16,,,,Novo,Ativo
3386,Cliente 03386,2025-03-09,,,,Recorrente,Ativo
3387,Cliente 03387,2025-01-10,,,,Recorrente,Ativo
3388,Cliente 03388,2024-12-09,,,,Recorrente,Ativo
3389,Cliente 03389,2025-03-18,,,,Novo,Ativo
3390,Cliente 03390,2025-08-01,,,,Novo,Ativo
3391,Cliente 03391,2024-03-15,,,,Novo,Ativo
3392,Cliente 03392,2025-07-10,,,,Novo,Ativo
3393,Cliente 03393,2025-10-27,,,,VIP,Ativo
3394,Cliente 03394,2024-06-03,,,,Novo,Ativo
3395,Cliente 03395,2025-03-05,,,,Novo,Ativo
3396,Cliente 03396,2024-12-28,,,,Recorrente,Ativo
3397,Cliente 03397,2025-03-23,,,,Novo,Ativo
3398,Cliente 03398,2024-08-21,,,,Novo,Ativo
3399,Cliente 03399,2025-07-16,,,,Recorrente,Ativo
3400,Cliente 03400,2024-09-18,,,,Recorrente,Ativo
3401,Cliente 03401,2024-05-04,,,,Recorrente,Ativo
3402,Cliente 03402,2024-09-01,,,,Novo,Ativo
3403,Cliente 03403,2025-06-25,,,,Recorrente,Inativo
3404,Cliente 03404,2025-04-29,,,,Recorrente,Ativo
3405,Cliente 03405,2024-05-01,,,,Novo,Ativo
3406,Cliente 03406,2024-05-04,,,,Novo,Ativo
3407,Cliente 03407,2025-07-02,,,,Recorrente,Ativo
3408,Cliente 03408,2024-06-18,,,,Novo,Ativo
3409,Cliente 03409,2024-05-03,,,,Recorrente,Inativo
3410,Cliente 03410,2024-02-04,,,,Novo,Ativo
3411,Cliente 03411,2024-03-27,,,,Novo,Ativo
3412,Cliente 03412,2025-10-07,,,,Novo,Ativo
3413,Cliente 03413,2025-12-08,,,,Recorrente,Ativo
3414,Cliente 03414,2024-07-19,,,,Novo,Ativo
3415,Cliente 03415,2025-01-03,,,,Novo,Ativo
3416,Cliente 03416,2024-03-17,,,,Recorrente,Inativo
3417,Cliente 03417,2024-02-28,,,,Recorrente,Ativo
3418,Cliente 03418,2025-03-06,,,,VIP,Ativo
3419,Cliente 03419,2025-09-29,,,,Novo,Inativo
3420,Cliente 03420,2025-05-14,,,,Novo,Ativo
3421,Cliente 03421,2024-04-18,,,,VIP,Ativo
3422,Cliente 03422,2024-10-04,,,,Recorrente,Ativo
3423,Cliente 03423,2024-03-08,,,,Novo,Ativo
3424,Cliente 03424,2024-03-09,,,,Novo,Ativo
3425,Cliente 03425,2024-06-13,,,,Recorrente,Ativo
3426,Cliente 03426,2025-05-03,,,,Novo,Ativo
3427,Cliente 03427,2024-10-31,,,,Recorrente,Ativo
3428,Cliente 03428,2025-11-04,,,,Novo,Ativo
3429,Cliente 03429,2024-12-30,,,,Novo,Ativo
3430,Cliente 03430,2025-01-13,,,,Recorrente,Ativo
3431,Cliente 03431,2024-12-08,,,,Novo,Ativo
3432,Cliente 03432,2025-07-07,,,,Novo,Ativo
3433,Cliente 03433,2024-12-19,,,,Novo,Ativo
3434,Cliente 03434,2025-02-19,,,,Novo,Ativo
3435,Cliente 03435,2024-04-18,,,,Recorrente,Ativo
3436,Cliente 03436,2025-07-16,,,,Recorrente,Ativo
3437,Cliente 03437,2025-05-11,,,,Recorrente,Ativo
3438,Cliente 03438,2024-12-06,,,,Novo,Ativo
3439,Cliente 03439,2025-01-17,,,,Novo,Ativo
3440,Cliente 03440,2025-06-16,,,,Novo,Ativo
3441,Cliente 03441,2024-10-26,,,,VIP,Ativo
3442,Cliente 03442,2024-05-18,,,,Recorrente,Ativo
3443,Cliente 03443,2024-12-24,,,,Recorrente,Ativo
3444,Cliente 03444,2025-05-13,,,,Novo,Ativo
3445,Cliente 03445,2025-01-19,,,,Novo,Ativo
3446,Cliente 03446,2025-08-26,,,,Novo,Ativo
3447,Cliente 03447,2024-10-06,,,,Novo,Ativo
3448,Cliente 03448,2025-09-28,,,,Novo,Inativo
3449,Cliente 03449,2025-04-27,,,,VIP,Ativo
3450,Cliente 03450,2024-04-20,,,,Novo,Ativo
3451,Cliente 03451,2024-05-18,,,,Novo,Inativo
3452,Cliente 03452,2025-03-10,,,,Novo,Ativo
3453,Cliente 03453,2025-05-23,,,,VIP,Inativo
3454,Cliente 03454,2024-09-29,,,,Recorrente,Ativo
3455,Cliente 03455,2024-04-08,,,,Recorrente,Ativo
3456,Cliente 03456,2024-04-13,,,,VIP,Ativo
3457,Cliente 03457,2024-08-01,,,,Novo,Inativo
3458,Cliente 03458,2025-10-25,,,,Recorrente,Ativo
3459,Cliente 03459,2024-06-13,,,,Novo,Ativo
3460,Cliente 03460,2025-06-03,,,,Novo,Ativo
3461,Cliente 03461,2024-10-10,,,,Recorrente,Ativo
3462,Cliente 03462,2025-05-31,,,,Recorrente,Ativo
3463,Cliente 03463,2025-10-18,,,,Novo,Ativo
3464,Cliente 03464,2025-09-04,,,,Novo,Inativo
3465,Cliente 03465,2024-06-12,,,,Novo,Ativo
3466,Cliente 03466,2025-10-20,,,,Novo,Ativo
3467,Cliente 03467,2024-03-04,,,,Novo,Ativo
3468,Cliente 03468,2024-03-31,,,,Novo,Inativo
3469,Cliente 03469,2024-04-26,,,,Novo,Inativo
3470,Cliente 03470,2024-09-23,,,,Recorrente,Ativo
3471,Cliente 03471,2025-11-15,,,,Novo,Ativo
3472,Cliente 03472,2025-07-12,,,,Novo,Ativo
3473,Cliente 03473,2024-05-19,,,,Novo,Ativo
3474,Cliente 03474,2024-09-02,,,,Recorrente,Ativo
3475,Cliente 03475,2025-10-22,,,,Novo,Ativo
3476,Cliente 03476,2025-01-29,,,,Novo,Ativo
3477,Cliente 03477,2025-05-01,,,,Novo,Ativo
3478,Cliente 03478,2025-04-20,,,,Recorrente,Ativo
3479,Cliente 03479,2025-05-31,,,,Recorrente,Ativo
3480,Cliente 03480,2024-07-02,,,,Recorrente,Ativo
3481,Cliente 03481,2024-01-20,,,,VIP,Ativo
3482,Cliente 03482,2025-07-11,,,,Recorrente,Inativo
3483,Cliente 03483,2025-06-07,,,,Recorrente,Ativo
3484,Cliente 03484,2025-08-04,,,,Novo,Ativo
3485,Cliente 03485,2025-06-12,,,,Novo,Ativo
3486,Cliente 03486,2024-05-26,,,,VIP,Ativo
3487,Cliente 03487,2025-10-27,,,,Novo,Ativo
3488,Cliente 03488,2024-10-30,,,,Novo,Ativo
3489,Cliente 03489,2025-09-11,,,,Recorrente,Ativo
3490,Cliente 03490,2025-08-04,,,,Novo,Ativo
3491,Cliente 03491,2025-11-25,,,,Recorrente,Ativo
3492,Cliente 03492,2024-08-15,,,,Recorrente,Ativo
3493,Cliente 03493,2024-04-11,,,,Novo,Ativo
3494,Cliente 03494,2025-08-09,,,,Recorrente,Ativo
3495,Cliente 03495,2025-02-20,,,,Novo,Ativo
3496,Cliente 03496,2024-08-03,,,,Novo,Ativo
3497,Cliente 03497,2025-02-10,,,,Novo,Ativo
3498,Cliente 03498,2025-02-02,,,,Recorrente,Ativo
3499,Cliente 03499,2025-12-15,,,,Recorrente,Ativo
3500,Cliente 03500,2025-12-04,,,,Novo,Ativo
3501,Cliente 03501,2025-05-13,,,,Recorrente,Ativo
3502,Cliente 03502,2025-04-09,,,,Novo,Ativo
3503,Cliente 03503,2025-11-21,,,,VIP,Ativo
3504,Cliente 03504,2025-12-31,,,,Novo,Ativo
3505,Cliente 03505,2024-03-22,,,,Recorrente,Ativo
3506,Cliente 03506,2025-08-26,,,,Novo,Inativo
3507,Cliente 03507,2025-11-17,,,,Novo,Ativo
3508,Cliente 03508,2024-12-30,,,,Novo,Ativo
3509,Cliente 03509,2024-06-11,,,,Recorrente,Ativo
3510,Cliente 03510,2024-02-17,,,,Novo,Ativo
3511,Cliente 03511,2025-05-25,,,,VIP,Ativo
3512,Cliente 03512,2024-11-24,,,,Novo,Ativo
3513,Cliente 03513,2024-04-25,,,,Novo,Ativo
3514,Cliente 03514,2024-12-02,,,,Novo,Ativo
3515,Cliente 03515,2024-05-26,,,,Recorrente,Ativo
3516,Cliente 03516,2025-07-28,,,,Novo,Ativo
3517,Cliente 03517,2024-11-18,,,,Recorrente,Ativo
3518,Cliente 03518,2025-03-18,,,,VIP,Ativo
3519,Cliente 03519,2024-01-13,,,,VIP,Inativo
3520,Cliente 03520,2025-05-08,,,,Novo,Ativo
3521,Cliente 03521,2025-12-01,,,,Recorrente,Ativo
3522,Cliente 03522,2024-10-13,,,,Recorrente,Ativo
3523,Cliente 03523,2025-12-20,,,,Novo,Inativo
3524,Cliente 03524,2024-04-23,,,,Recorrente,Ativo
3525,Cliente 03525,2025-04-24,,,,Novo,Ativo
3526,Cliente 03526,2024-01-22,,,,Novo,Inativo
3527,Cliente 03527,2024-12-14,,,,Novo,Ativo
3528,Cliente 03528,2025-12-26,,,,Novo,Ativo
3529,Cliente 03529,2025-11-13,,,,Novo,Ativo
3530,Cliente 03530,2025-07-19,,,,Novo,Ativo
3531,Cliente 03531,2024-11-15,,,,Recorrente,Ativo
3532,Cliente 03532,2024-05-05,,,,Novo,Inativo
3533,Cliente 03533,2024-10-03,,,,Novo,Ativo
3534,Cliente 03534,2024-07-22,,,,Novo,Ativo
3535,Cliente 03535,2024-07-12,,,,Recorrente,Ativo
3536,Cliente 03536,2025-11-11,,,,Recorrente,Ativo
3537,Cliente 03537,2025-10-25,,,,Recorrente,Ativo
3538,Cliente 03538,2025-06-30,,,,Recorrente,Ativo
3539,Cliente 03539,2025-11-26,,,,Novo,Ativo
3540,Cliente 03540,2024-10-12,,,,Recorrente,Ativo
3541,Cliente 03541,2024-02-26,,,,Novo,Ativo
3542,Cliente 03542,2024-10-29,,,,Novo,Ativo
3543,Cliente 03543,2024-06-11,,,,Recorrente,Ativo
3544,Cliente 03544,2024-01-19,,,,Novo,Ativo
3545,Cliente 03545,2025-01-04,,,,Recorrente,Ativo
3546,Cliente 03546,2024-09-20,,,,Recorrente,Ativo
3547,Cliente 03547,2024-04-22,,,,Novo,Ativo
3548,Cliente 03548,2025-05-02,,,,Novo,Ativo
3549,Cliente 03549,2024-11-22,,,,Novo,Ativo
3550,Cliente 03550,2025-06-25,,,,VIP,Ativo
3551,Cliente 03551,2025-10-08,,,,Recorrente,Ativo
3552,Cliente 03552,2025-08-01,,,,Novo,Ativo
3553,Cliente 03553,2024-03-05,,,,Novo,Ativo
3554,Cliente 03554,2024-10-18,,,,Recorrente,Ativo
3555,Cliente 03555,2024-01-25,,,,Recorrente,Ativo
3556,Cliente 03556,2025-07-02,,,,Novo,Ativo
3557,Cliente 03557,2024-01-01,,,,Novo,Ativo
3558,Cliente 03558,2025-07-02,,,,Recorrente,Ativo
3559,Cliente 03559,2024-05-20,,,,Novo,Ativo
3560,Cliente 03560,2025-10-09,,,,Novo,Ativo
3561,Cliente 03561,2024-07-06,,,,VIP,Inativo
3562,Cliente 03562,2024-05-07,,,,Recorrente,Ativo
3563,Cliente 03563,2024-07-19,,,,Novo,Ativo
3564,Cliente 03564,2024-05-06,,,,Novo,Ativo
3565,Cliente 03565,2024-09-13,,,,Novo,Ativo
3566,Cliente 03566,2025-11-06,,,,Novo,Ativo
3567,Cliente 03567,2025-06-30,,,,Recorrente,Ativo
3568,Cliente 03568,2024-07-12,,,,Novo,Ativo
3569,Cliente 03569,2025-12-03,,,,Recorrente,Ativo
3570,Cliente 03570,2024-04-13,,,,VIP,Ativo
3571,Cliente 03571,2025-06-18,,,,Novo,Ativo
3572,Cliente 03572,2024-09-21,,,,Novo,Ativo
3573,Cliente 03573,2025-01-18,,,,Novo,Inativo
3574,Cliente 03574,2024-09-16,,,,VIP,Ativo
3575,Cliente 03575,2025-02-17,,,,Recorrente,Ativo
3576,Cliente 03576,2024-12-23,,,,Novo,Ativo
3577,Cliente 03577,2024-03-15,,,,Recorrente,Ativo
3578,Cliente 03578,2024-12-20,,,,Recorrente,Ativo
3579,Cliente 03579,2025-08-06,,,,VIP,Ativo
3580,Cliente 03580,2024-07-06,,,,Novo,Ativo
3581,Cliente 03581,2025-11-15,,,,Novo,Ativo
3582,Cliente 03582,2024-10-16,,,,Recorrente,Inativo
3583,Cliente 03583,2024-02-14,,,,Novo,Ativo
3584,Cliente 03584,2025-07-26,,,,Novo,Inativo
3585,Cliente 03585,2024-03-23,,,,Novo,Ativo
3586,Cliente 03586,2024-05-02,,,,Novo,Inativo
3587,Cliente 03587,2024-12-23,,,,Novo,Ativo
3588,Cliente 03588,2025-06-11,,,,VIP,Ativo
3589,Cliente 03589,2024-03-06,,,,Novo,Ativo
3590,Cliente 03590,2025-10-18,,,,Novo,Ativo
3591,Cliente 03591,2025-01-09,,,,Recorrente,Ativo
3592,Cliente 03592,2024-06-10,,,,Novo,Ativo
3593,Cliente 03593,2025-01-14,,,,Novo,Ativo
3594,Cliente 03594,2025-10-17,,,,Recorrente,Ativo
3595,Cliente 03595,2024-12-23,,,,Recorrente,Ativo
3596,Cliente 03596,2024-07-06,,,,Recorrente,Ativo
3597,Cliente 03597,2024-11-17,,,,Recorrente,Ativo
3598,Cliente 03598,2025-03-25,,,,Novo,Ativo
3599,Cliente 03599,2025-04-18,,,,VIP,Ativo
3600,Cliente 03600,2024-01-13,,,,Novo,Inativo
3601,Cliente 03601,2024-07-02,,,,Recorrente,Ativo
3602,Cliente 03602,2024-04-20,,,,Novo,Ativo
3603,Cliente 03603,2025-05-22,,,,VIP,Ativo
3604,Cliente 03604,2024-10-16,,,,Recorrente,Ativo
3605,Cliente 03605,2024-10-21,,,,Recorrente,Ativo
3606,Cliente 03606,2025-03-26,,,,Novo,Ativo
3607,Cliente 03607,2024-08-02,,,,Novo,Ativo
3608,Cliente 03608,2025-09-23,,,,Recorrente,Ativo
3609,Cliente 03609,2025-07-20,,,,Recorrente,Ativo
3610,Cliente 03610,2024-01-27,,,,Novo,Ativo
3611,Cliente 03611,2025-09-21,,,,VIP,Ativo
3612,Cliente 03612,2024-08-18,,,,Recorrente,Ativo
3613,Cliente 03613,2025-07-18,,,,Novo,Ativo
3614,Cliente 03614,2024-11-16,,,,Recorrente,Ativo
3615,Cliente 03615,2024-08-20,,,,Novo,Ativo
3616,Cliente 03616,2025-10-31,,,,Novo,Ativo
3617,Cliente 03617,2025-03-12,,,,Novo,Ativo
3618,Cliente 03618,2025-06-16,,,,Recorrente,Ativo
3619,Cliente 03619,2025-02-06,,,,Recorrente,Ativo
3620,Cliente 03620,2024-02-22,,,,Novo,Ativo
3621,Cliente 03621,2024-11-08,,,,Recorrente,Ativo
3622,Cliente 03622,2024-10-07,,,,Recorrente,Ativo
3623,Cliente 03623,2025-12-26,,,,Recorrente,Ativo
3624,Cliente 03624,2024-01-31,,,,Novo,Ativo
3625,Cliente 03625,2024-12-02,,,,Recorrente,Ativo
3626,Cliente 03626,2024-07-01,,,,Novo,Ativo
3627,Cliente 03627,2024-01-23,,,,Novo,Ativo
3628,Cliente 03628,2025-06-27,,,,Novo,Ativo
3629,Cliente 03629,2025-03-21,,,,Novo,Ativo
3630,Cliente 03630,2024-03-14,,,,Recorrente,Ativo
3631,Cliente 03631,2024-01-10,,,,Novo,Ativo
3632,Cliente 03632,2025-04-28,,,,Recorrente,Inativo
3633,Cliente 03633,2025-03-31,,,,Novo,Ativo
3634,Cliente 03634,2025-07-19,,,,Novo,Ativo
3635,Cliente 03635,2025-07-17,,,,VIP,Ativo
3636,Cliente 03636,2025-10-21,,,,Recorrente,Ativo
3637,Cliente 03637,2024-06-08,,,,Novo,Ativo
3638,Cliente 03638,2024-01-14,,,,Novo,Ativo
3639,Cliente 03639,2024-06-26,,,,Novo,Ativo
3640,Cliente 03640,2025-02-15,,,,Novo,Ativo
3641,Cliente 03641,2024-02-22,,,,Recorrente,Ativo
3642,Cliente 03642,2025-02-11,,,,Recorrente,Ativo
3643,Cliente 03643,2024-01-22,,,,Novo,Ativo
3644,Cliente 03644,2024-01-30,,,,VIP,Ativo
3645,Cliente 03645,2025-12-03,,,,Recorrente,Ativo
3646,Cliente 03646,2024-09-16,,,,Novo,Ativo
3647,Cliente 03647,2024-07-23,,,,Novo,Ativo
3648,Cliente 03648,2024-02-28,,,,Recorrente,Ativo
3649,Cliente 03649,2025-04-15,,,,Recorrente,Ativo
3650,Cliente 03650,2025-04-10,,,,Novo,Ativo
3651,Cliente 03651,2024-01-12,,,,Novo,Inativo
3652,Cliente 03652,2025-09-22,,,,Novo,Ativo
3653,Cliente 03653,2024-10-16,,,,Recorrente,Ativo
3654,Cliente 03654,2024-12-19,,,,Novo,Ativo
3655,Cliente 03655,2025-09-30,,,,Novo,Ativo
3656,Cliente 03656,2024-03-15,,,,Recorrente,Ativo
3657,Cliente 03657,2025-12-16,,,,VIP,Ativo
3658,Cliente 03658,2025-07-14,,,,VIP,Ativo
3659,Cliente 03659,2025-08-13,,,,Novo,Ativo
3660,Cliente 03660,2025-03-16,,,,Novo,Ativo
3661,Cliente 03661,2024-08-28,,,,Novo,Ativo
3662,Cliente 03662,2024-06-02,,,,Novo,Ativo
3663,Cliente 03663,2024-04-05,,,,VIP,Ativo
3664,Cliente 03664,2025-12-26,,,,Novo,Ativo
3665,Cliente 03665,2024-10-20,,,,Novo,Ativo
3666,Cliente 03666,2024-07-27,,,,Novo,Ativo
3667,Cliente 03667,2024-12-08,,,,Novo,Ativo
3668,Cliente 03668,2024-03-28,,,,Recorrente,Ativo
3669,Cliente 03669,2025-01-24,,,,Novo,Ativo
3670,Cliente 03670,2024-11-20,,,,Novo,Ativo
3671,Cliente 03671,2024-06-05,,,,Novo,Inativo
3672,Cliente 03672,2025-10-29,,,,Novo,Inativo
3673,Cliente 03673,2025-10-12,,,,Novo,Ativo
3674,Cliente 03674,2025-09-24,,,,Recorrente,Ativo
3675,Cliente 03675,2025-07-30,,,,Recorrente,Ativo
3676,Cliente 03676,2025-09-10,,,,Recorrente,Ativo
3677,Cliente 03677,2025-10-20,,,,VIP,Ativo
3678,Cliente 03678,2024-05-16,,,,VIP,Ativo
3679,Cliente 03679,2025-11-04,,,,VIP,Ativo
3680,Cliente 03680,2025-03-03,,,,Novo,Ativo
3681,Cliente 03681,2025-03-27,,,,Novo,Ativo
3682,Cliente 03682,2025-09-03,,,,Novo,Ativo
3683,Cliente 03683,2024-05-20,,,,Recorrente,Ativo
3684,Cliente 03684,2024-03-23,,,,VIP,Ativo
3685,Cliente 03685,2024-06-25,,,,Recorrente,Ativo
3686,Cliente 03686,2024-07-16,,,,Novo,Ativo
3687,Cliente 03687,2025-09-15,,,,VIP,Ativo
3688,Cliente 03688,2025-07-21,,,,Novo,Ativo
3689,Cliente 03689,2025-11-21,,,,Novo,Ativo
3690,Cliente 03690,2025-02-24,,,,Novo,Inativo
3691,Cliente 03691,2025-02-04,,,,Novo,Ativo
3692,Cliente 03692,2025-11-28,,,,Novo,Ativo
3693,Cliente 03693,2025-04-15,,,,Novo,Ativo
3694,Cliente 03694,2024-08-05,,,,Novo,Inativo
3695,Cliente 03695,2025-12-29,,,,Recorrente,Ativo
3696,Cliente 03696,2025-09-23,,,,Recorrente,Ativo
3697,Cliente 03697,2024-06-23,,,,Recorrente,Ativo
3698,Cliente 03698,2024-01-23,,,,Novo,Inativo
3699,Cliente 03699,2025-12-25,,,,Recorrente,Ativo
3700,Cliente 03700,2024-08-22,,,,VIP,Ativo
3701,Cliente 03701,2024-01-13,,,,Novo,Ativo
3702,Cliente 03702,2024-04-10,,,,Novo,Inativo
3703,Cliente 03703,2025-06-19,,,,Novo,Ativo
3704,Cliente 03704,2025-06-06,,,,Novo,Ativo
3705,Cliente 03705,2025-03-27,,,,Recorrente,Ativo
3706,Cliente 03706,2025-03-06,,,,Recorrente,Ativo
3707,Cliente 03707,2025-08-28,,,,Novo,Ativo
3708,Cliente 03708,2025-12-13,,,,Recorrente,Inativo
3709,Cliente 03709,2025-06-16,,,,Recorrente,Ativo
3710,Cliente 03710,2025-12-23,,,,VIP,Ativo
3711,Cliente 03711,2025-10-13,,,,Novo,Ativo
3712,Cliente 03712,2024-10-19,,,,VIP,Ativo
3713,Cliente 03713,2024-04-10,,,,Novo,Ativo
3714,Cliente 03714,2025-05-16,,,,Recorrente,Ativo
3715,Cliente 03715,2024-10-30,,,,Novo,Ativo
3716,Cliente 03716,2025-06-23,,,,Novo,Ativo
3717,Cliente 03717,2025-07-06,,,,Recorrente,Ativo
3718,Cliente 03718,2024-12-20,,,,Novo,Ativo
3719,Cliente 03719,2024-10-29,,,,Novo,Inativo
3720,Cliente 03720,2025-05-10,,,,Novo,Ativo
3721,Cliente 03721,2025-10-19,,,,Recorrente,Ativo
3722,Cliente 03722,2024-08-14,,,,Novo,Ativo
3723,Cliente 03723,2024-08-23,,,,Recorrente,Ativo
3724,Cliente 03724,2025-03-30,,,,Novo,Ativo
3725,Cliente 03725,2024-01-13,,,,Novo,Ativo
3726,Cliente 03726,2024-07-28,,,,Novo,Ativo
3727,Cliente 03727,2025-01-31,,,,Novo,Ativo
3728,Cliente 03728,2024-04-09,,,,Novo,Ativo
3729,Cliente 03729,2024-01-31,,,,Novo,Inativo
3730,Cliente 03730,2025-06-11,,,,VIP,Ativo
3731,Cliente 03731,2025-10-10,,,,Recorrente,Inativo
3732,Cliente 03732,2024-11-24,,,,Novo,Ativo
3733,Cliente 03733,2024-06-14,,,,Novo,Ativo
3734,Cliente 03734,2025-04-03,,,,Recorrente,Ativo
3735,Cliente 03735,2024-04-09,,,,Novo,Ativo
3736,Cliente 03736,2025-09-12,,,,Novo,Ativo
3737,Cliente 03737,2024-06-21,,,,Recorrente,Ativo
3738,Cliente 03738,2024-06-10,,,,Recorrente,Ativo
3739,Cliente 03739,2025-12-28,,,,Recorrente,Ativo
3740,Cliente 03740,2024-09-19,,,,Novo,Inativo
3741,Cliente 03741,2024-09-30,,,,Novo,Ativo
3742,Cliente 03742,2024-01-03,,,,Recorrente,Ativo
3743,Cliente 03743,2024-01-28,,,,Novo,Ativo
3744,Cliente 03744,2024-11-21,,,,Novo,Ativo
3745,Cliente 03745,2024-05-28,,,,Novo,Ativo
3746,Cliente 03746,2025-06-23,,,,Novo,Ativo
3747,Cliente 03747,2025-05-02,,,,VIP,Ativo
3748,Cliente 03748,2025-03-13,,,,Recorrente,Ativo
3749,Cliente 03749,2024-03-05,,,,Recorrente,Ativo
3750,Cliente 03750,2024-12-21,,,,Novo,Ativo
3751,Cliente 03751,2025-06-16,,,,Novo,Inativo
3752,Cliente 03752,2024-09-08,,,,Novo,Ativo
3753,Cliente 03753,2024-08-22,,,,Novo,Ativo
3754,Cliente 03754,2024-08-14,,,,VIP,Ativo
3755,Cliente 03755,2025-06-08,,,,Novo,Ativo
3756,Cliente 03756,2024-11-08,,,,Novo,Ativo
3757,Cliente 03757,2024-02-18,,,,Novo,Ativo
3758,Cliente 03758,2024-04-27,,,,Recorrente,Ativo
3759,Cliente 03759,2024-02-23,,,,Novo,Inativo
3760,Cliente 03760,2025-10-11,,,,Novo,Ativo
3761,Cliente 03761,2025-07-18,,,,Novo,Ativo
3762,Cliente 03762,2024-02-13,,,,Recorrente,Ativo
3763,Cliente 03763,2024-02-22,,,,Novo,Ativo
3764,Cliente 03764,2025-08-08,,,,VIP,Ativo
3765,Cliente 03765,2025-07-11,,,,Recorrente,Ativo
3766,Cliente 03766,2025-06-08,,,,Novo,Inativo
3767,Cliente 03767,2025-11-07,,,,Recorrente,Ativo
3768,Cliente 03768,2024-04-11,,,,Novo,Ativo
3769,Cliente 03769,2025-02-01,,,,VIP,Ativo
3770,Cliente 03770,2024-05-17,,,,Novo,Ativo
3771,Cliente 03771,2025-11-05,,,,Novo,Ativo
3772,Cliente 03772,2025-01-21,,,,Novo,Ativo
3773,Cliente 03773,2024-04-20,,,,Novo,Ativo
3774,Cliente 03774,2025-09-05,,,,VIP,Ativo
3775,Cliente 03775,2024-01-17,,,,Novo,Ativo
3776,Cliente 03776,2024-06-30,,,,Recorrente,Ativo
3777,Cliente 03777,2025-06-19,,,,Novo,Ativo
3778,Cliente 03778,2025-06-24,,,,VIP,Inativo
3779,Cliente 03779,2024-06-19,,,,Novo,Ativo
3780,Cliente 03780,2025-02-12,,,,Novo,Inativo
3781,Cliente 03781,2025-01-12,,,,Novo,Ativo
3782,Cliente 03782,2024-07-06,,,,Recorrente,Ativo
3783,Cliente 03783,2024-08-17,,,,Novo,Ativo
3784,Cliente 03784,2024-04-28,,,,Novo,Ativo
3785,Cliente 03785,2024-06-04,,,,Novo,Ativo
3786,Cliente 03786,2025-11-17,,,,Recorrente,Ativo
3787,Cliente 03787,2025-04-09,,,,Novo,Ativo
3788,Cliente 03788,2024-04-13,,,,Recorrente,Ativo
3789,Cliente 03789,2025-08-26,,,,Novo,Ativo
3790,Cliente 03790,2025-11-28,,,,Recorrente,Inativo
3791,Cliente 03791,2025-05-16,,,,VIP,Ativo
3792,Cliente 03792,2025-11-23,,,,Novo,Inativo
3793,Cliente 03793,2025-11-12,,,,Novo,Ativo
3794,Cliente 03794,2025-11-29,,,,Novo,Ativo
3795,Cliente 03795,2024-06-23,,,,Novo,Ativo
3796,Cliente 03796,2025-11-04,,,,Novo,Ativo
3797,Cliente 03797,2025-02-24,,,,Recorrente,Ativo
3798,Cliente 03798,2024-05-13,,,,Novo,Ativo
3799,Cliente 03799,2025-01-25,,,,VIP,Ativo
3800,Cliente 03800,2025-05-15,,,,Novo,Ativo
3801,Cliente 03801,2025-10-26,,,,Recorrente,Ativo
3802,Cliente 03802,2024-02-02,,,,Novo,Ativo
3803,Cliente 03803,2024-02-24,,,,Novo,Ativo
3804,Cliente 03804,2025-06-02,,,,Novo,Ativo
3805,Cliente 03805,2025-09-29,,,,Novo,Ativo
3806,Cliente 03806,2024-01-12,,,,Novo,Ativo
3807,Cliente 03807,2025-06-11,,,,Recorrente,Ativo
3808,Cliente 03808,2025-12-20,,,,VIP,Ativo
3809,Cliente 03809,2025-07-08,,,,Novo,Ativo
3810,Cliente 03810,2025-01-07,,,,Novo,Ativo
3811,Cliente 03811,2025-04-28,,,,Novo,Ativo
3812,Cliente 03812,2025-10-08,,,,Novo,Ativo
3813,Cliente 03813,2024-08-15,,,,Novo,Ativo
3814,Cliente 03814,2025-09-14,,,,Recorrente,Ativo
3815,Cliente 03815,2024-11-02,,,,VIP,Ativo
3816,Cliente 03816,2025-04-01,,,,VIP,Ativo
3817,Cliente 03817,2024-06-08,,,,Novo,Ativo
3818,Cliente 03818,2024-11-26,,,,Recorrente,Ativo
3819,Cliente 03819,2024-08-12,,,,Recorrente,Ativo
3820,Cliente 03820,2025-12-29,,,,Novo,Ativo
3821,Cliente 03821,2025-05-18,,,,Novo,Ativo
3822,Cliente 03822,2025-03-31,,,,Recorrente,Ativo
3823,Cliente 03823,2024-02-14,,,,Novo,Ativo
3824,Cliente 03824,2024-08-01,,,,Novo,Ativo
3825,Cliente 03825,2024-02-28,,,,Novo,Ativo
3826,Cliente 03826,2025-10-05,,,,Recorrente,Ativo
3827,Cliente 03827,2025-09-07,,,,Novo,Ativo
3828,Cliente 03828,2024-07-13,,,,VIP,Ativo
3829,Cliente 03829,2025-05-03,,,,Recorrente,Ativo
3830,Cliente 03830,2024-06-05,,,,Recorrente,Ativo
3831,Cliente 03831,2025-09-01,,,,Novo,Ativo
3832,Cliente 03832,2024-08-13,,,,Recorrente,Ativo
3833,Cliente 03833,2025-02-15,,,,Novo,Ativo
3834,Cliente 03834,2024-07-23,,,,Novo,Ativo
3835,Cliente 03835,2024-03-19,,,,Novo,Ativo
3836,Cliente 03836,2024-05-03,,,,Novo,Ativo
3837,Cliente 03837,2025-04-15,,,,Recorrente,Ativo
3838,Cliente 03838,2024-08-05,,,,Novo,Ativo
3839,Cliente 03839,2025-05-30,,,,Novo,Ativo
3840,Cliente 03840,2025-08-24,,,,Novo,Ativo
3841,Cliente 03841,2024-04-13,,,,VIP,Ativo
3842,Cliente 03842,2025-01-27,,,,Recorrente,Ativo
3843,Cliente 03843,2025-09-22,,,,Recorrente,Ativo
3844,Cliente 03844,2025-10-06,,,,Novo,Ativo
3845,Cliente 03845,2025-08-30,,,,Novo,Ativo
3846,Cliente 03846,2025-03-09,,,,VIP,Ativo
3847,Cliente 03847,2024-11-26,,,,Novo,Inativo
3848,Cliente 03848,2024-05-22,,,,Novo,Ativo
3849,Cliente 03849,2025-06-23,,,,Recorrente,Ativo
3850,Cliente 03850,2024-10-04,,,,Novo,Inativo
3851,Cliente 03851,2024-08-20,,,,Recorrente,Ativo
3852,Cliente 03852,2025-06-12,,,,Novo,Ativo
3853,Cliente 03853,2025-07-24,,,,Novo,Ativo
3854,Cliente 03854,2024-03-30,,,,Novo,Ativo
3855,Cliente 03855,2025-05-06,,,,Novo,Ativo
3856,Cliente 03856,2024-07-17,,,,Recorrente,Ativo
3857,Cliente 03857,2024-12-27,,,,Recorrente,Ativo
3858,Cliente 03858,2025-03-16,,,,Novo,Ativo
3859,Cliente 03859,2024-01-26,,,,Novo,Ativo
3860,Cliente 03860,2024-01-25,,,,Recorrente,Ativo
3861,Cliente 03861,2025-01-28,,,,Recorrente,Ativo
3862,Cliente 03862,2025-05-21,,,,Novo,Ativo
3863,Cliente 03863,2024-10-27,,,,Novo,Inativo
3864,Cliente 03864,2024-12-04,,,,Novo,Ativo
3865,Cliente 03865,2024-09-23,,,,Recorrente,Ativo
3866,Cliente 03866,2025-04-05,,,,VIP,Ativo
3867,Cliente 03867,2025-11-23,,,,Novo,Inativo
3868,Cliente 03868,2025-03-31,,,,Recorrente,Inativo
3869,Cliente 03869,2024-12-25,,,,Novo,Ativo
3870,Cliente 03870,2024-03-08,,,,Novo,Ativo
3871,Cliente 03871,2025-02-15,,,,Novo,Ativo
3872,Cliente 03872,2025-05-05,,,,Recorrente,Inativo
3873,Cliente 03873,2024-02-18,,,,Novo,Ativo
3874,Cliente 03874,2025-11-17,,,,Novo,Ativo
3875,Cliente 03875,2025-07-17,,,,Novo,Ativo
3876,Cliente 03876,2024-04-11,,,,Novo,Ativo
3877,Cliente 03877,2024-08-03,,,,Novo,Ativo
3878,Cliente 03878,2025-03-13,,,,Recorrente,Ativo
3879,Cliente 03879,2025-11-30,,,,Novo,Inativo
3880,Cliente 03880,2025-07-22,,,,Recorrente,Ativo
3881,Cliente 03881,2025-07-12,,,,Novo,Ativo
3882,Cliente 03882,2024-06-07,,,,Novo,Ativo
3883,Cliente 03883,2025-05-03,,,,Novo,Ativo
3884,Cliente 03884,2025-11-16,,,,Novo,Ativo
3885,Cliente 03885,2024-08-29,,,,Novo,Ativo
3886,Cliente 03886,2024-01-05,,,,Novo,Ativo
3887,Cliente 03887,2025-08-18,,,,Recorrente,Ativo
3888,Cliente 03888,2024-12-26,,,,Recorrente,Ativo
3889,Cliente 03889,2025-04-03,,,,Novo,Inativo
3890,Cliente 03890,2024-09-04,,,,Novo,Ativo
3891,Cliente 03891,2025-07-19,,,,Novo,Ativo
3892,Cliente 03892,2025-11-03,,,,Novo,Ativo
3893,Cliente 03893,2025-02-25,,,,Novo,Ativo
3894,Cliente 03894,2024-01-15,,,,Recorrente,Inativo
3895,Cliente 03895,2025-07-26,,,,Novo,Ativo
3896,Cliente 03896,2024-05-01,,,,Novo,Ativo
3897,Cliente 03897,2024-10-03,,,,Novo,Ativo
3898,Cliente 03898,2025-07-11,,,,Novo,Ativo
3899,Cliente 03899,2025-03-28,,,,Recorrente,Ativo
3900,Cliente 03900,2025-01-24,,,,Novo,Ativo
3901,Cliente 03901,2024-10-20,,,,Novo,Ativo
3902,Cliente 03902,2025-07-27,,,,Recorrente,Ativo
3903,Cliente 03903,2025-08-20,,,,Novo,Ativo
3904,Cliente 03904,2025-03-21,,,,Recorrente,Ativo
3905,Cliente 03905,2024-07-28,,,,Recorrente,Ativo
3906,Cliente 03906,2025-08-12,,,,Novo,Inativo
3907,Cliente 03907,2025-12-14,,,,Recorrente,Ativo
3908,Cliente 03908,2024-10-28,,,,Novo,Ativo
3909,Cliente 03909,2024-08-10,,,,Novo,Ativo
3910,Cliente 03910,2024-01-03,,,,Novo,Ativo
3911,Cliente 03911,2025-06-01,,,,Novo,Ativo
3912,Cliente 03912,2024-04-02,,,,Recorrente,Ativo
3913,Cliente 03913,2025-06-03,,,,Recorrente,Ativo
3914,Cliente 03914,2025-03-03,,,,VIP,Ativo
3915,Cliente 03915,2025-05-07,,,,Recorrente,Ativo
3916,Cliente 03916,2024-08-22,,,,Novo,Ativo
3917,Cliente 03917,2025-09-11,,,,Novo,Ativo
3918,Cliente 03918,2024-06-09,,,,Novo,Ativo
3919,Cliente 03919,2025-12-21,,,,Novo,Ativo
3920,Cliente 03920,2024-11-26,,,,Novo,Ativo
3921,Cliente 03921,2024-11-28,,,,VIP,Inativo
3922,Cliente 03922,2024-02-19,,,,Novo,Ativo
3923,Cliente 03923,2025-06-06,,,,Novo,Ativo
3924,Cliente 03924,2025-10-29,,,,Novo,Ativo
3925,Cliente 03925,2025-05-06,,,,Recorrente,Ativo
3926,Cliente 03926,2025-08-04,,,,Recorrente,Ativo
3927,Cliente 03927,2025-11-11,,,,Recorrente,Ativo
3928,Cliente 03928,2024-09-28,,,,Novo,Ativo
3929,Cliente 03929,2025-08-02,,,,Recorrente,Ativo
3930,Cliente 03930,2024-09-08,,,,Novo,Ativo
3931,Cliente 03931,2025-07-13,,,,Recorrente,Ativo
3932,Cliente 03932,2025-11-26,,,,Novo,Ativo
3933,Cliente 03933,2025-11-29,,,,Novo,Ativo
3934,Cliente 03934,2024-03-30,,,,Novo,Ativo
3935,Cliente 03935,2025-03-21,,,,Recorrente,Ativo
3936,Cliente 03936,2024-11-27,,,,Novo,Ativo
3937,Cliente 03937,2024-05-18,,,,Recorrente,Ativo
3938,Cliente 03938,2024-12-22,,,,Novo,Ativo
3939,Cliente 03939,2025-08-23,,,,Novo,Ativo
3940,Cliente 03940,2024-09-30,,,,Novo,Ativo
3941,Cliente 03941,2024-01-19,,,,Novo,Ativo
3942,Cliente 03942,2024-11-06,,,,Novo,Ativo
3943,Cliente 03943,2024-06-02,,,,Novo,Ativo
3944,Cliente 03944,2025-01-24,,,,Recorrente,Ativo
3945,Cliente 03945,2024-09-16,,,,Novo,Ativo
3946,Cliente 03946,2025-09-11,,,,VIP,Ativo
3947,Cliente 03947,2025-07-24,,,,Recorrente,Ativo
3948,Cliente 03948,2024-05-04,,,,Recorrente,Ativo
3949,Cliente 03949,2024-12-19,,,,Novo,Ativo
3950,Cliente 03950,2024-09-29,,,,Novo,Ativo
3951,Cliente 03951,2025-09-10,,,,Novo,Ativo
3952,Cliente 03952,2024-09-01,,,,Recorrente,Ativo
3953,Cliente 03953,2025-03-25,,,,Recorrente,Ativo
3954,Cliente 03954,2024-09-03,,,,Novo,Inativo
3955,Cliente 03955,2025-06-03,,,,Novo,Ativo
3956,Cliente 03956,2024-05-20,,,,Recorrente,Ativo
3957,Cliente 03957,2024-12-27,,,,Novo,Ativo
3958,Cliente 03958,2024-01-08,,,,Recorrente,Ativo
3959,Cliente 03959,2025-04-22,,,,Novo,Ativo
3960,Cliente 03960,2024-12-17,,,,Recorrente,Ativo
3961,Cliente 03961,2025-05-09,,,,Novo,Ativo
3962,Cliente 03962,2025-08-28,,,,Novo,Ativo
3963,Cliente 03963,2025-03-02,,,,Recorrente,Ativo
3964,Cliente 03964,2024-02-08,,,,VIP,Inativo
3965,Cliente 03965,2025-08-15,,,,Novo,Ativo
3966,Cliente 03966,2024-07-05,,,,Novo,Inativo
3967,Cliente 03967,2025-08-18,,,,Recorrente,Ativo
3968,Cliente 03968,2025-08-22,,,,VIP,Ativo
3969,Cliente 03969,2024-04-02,,,,Recorrente,Ativo
3970,Cliente 03970,2024-03-26,,,,VIP,Inativo
3971,Cliente 03971,2024-02-13,,,,Novo,Ativo
3972,Cliente 03972,2024-05-16,,,,Novo,Ativo
3973,Cliente 03973,2025-02-24,,,,Recorrente,Ativo
3974,Cliente 03974,2024-03-14,,,,Recorrente,Ativo
3975,Cliente 03975,2025-07-01,,,,Novo,Ativo
3976,Cliente 03976,2025-09-04,,,,Novo,Inativo
3977,Cliente 03977,2025-05-26,,,,Recorrente,Ativo
3978,Cliente 03978,2024-06-04,,,,Novo,Ativo
3979,Cliente 03979,2024-09-11,,,,Novo,Ativo
3980,Cliente 03980,2024-06-19,,,,Novo,Ativo
3981,Cliente 03981,2025-12-28,,,,Recorrente,Ativo
3982,Cliente 03982,2024-06-18,,,,Recorrente,Ativo
3983,Cliente 03983,2024-11-17,,,,Novo,Ativo
3984,Cliente 03984,2025-07-20,,,,Recorrente,Ativo
3985,Cliente 03985,2025-03-31,,,,Recorrente,Ativo
3986,Cliente 03986,2025-08-25,,,,Novo,Ativo
3987,Cliente 03987,2025-09-04,,,,Recorrente,Ativo
3988,Cliente 03988,2024-06-03,,,,Novo,Ativo
3989,Cliente 03989,2024-12-14,,,,Novo,Ativo
3990,Cliente 03990,2025-03-26,,,,Novo,Ativo
3991,Cliente 03991,2025-10-14,,,,Novo,Ativo
3992,Cliente 03992,2024-06-21,,,,Novo,Ativo
3993,Cliente 03993,2024-01-10,,,,Recorrente,Ativo
3994,Cliente 03994,2024-09-21,,,,Recorrente,Ativo
3995,Cliente 03995,2025-03-13,,,,Recorrente,Ativo
3996,Cliente 03996,2024-09-03,,,,Novo,Ativo
3997,Cliente 03997,2025-10-28,,,,Novo,Ativo
3998,Cliente 03998,2025-06-29,,,,Novo,Ativo
3999,Cliente 03999,2025-05-13,,,,Novo,Ativo
4000,Cliente 04000,2024-05-08,,,,Novo,Ativo
4001,Cliente 04001,2025-11-02,,,,Recorrente,Inativo
4002,Cliente 04002,2025-08-23,,,,VIP,Ativo
4003,Cliente 04003,2025-08-27,,,,Novo,Ativo
4004,Cliente 04004,2024-11-22,,,,Novo,Ativo
4005,Cliente 04005,2025-02-07,,,,Recorrente,Ativo
4006,Cliente 04006,2025-09-20,,,,Novo,Ativo
4007,Cliente 04007,2025-08-28,,,,Recorrente,Ativo
4008,Cliente 04008,2025-11-05,,,,Recorrente,Ativo
4009,Cliente 04009,2025-09-02,,,,VIP,Ativo
4010,Cliente 04010,2025-09-16,,,,Novo,Ativo
4011,Cliente 04011,2024-12-24,,,,Recorrente,Ativo
4012,Cliente 04012,2025-08-25,,,,Novo,Ativo
4013,Cliente 04013,2025-12-18,,,,Recorrente,Ativo
4014,Cliente 04014,2024-01-17,,,,Novo,Ativo
4015,Cliente 04015,2024-09-30,,,,Novo,Ativo
4016,Cliente 04016,2025-11-15,,,,Novo,Ativo
4017,Cliente 04017,2024-04-25,,,,Novo,Ativo
4018,Cliente 04018,2025-11-23,,,,Recorrente,Ativo
4019,Cliente 04019,2024-03-31,,,,Recorrente,Ativo
4020,Cliente 04020,2024-03-22,,,,Recorrente,Ativo
4021,Cliente 04021,2024-11-19,,,,Novo,Ativo
4022,Cliente 04022,2024-04-23,,,,Recorrente,Ativo
4023,Cliente 04023,2024-02-27,,,,Novo,Ativo
4024,Cliente 04024,2024-06-02,,,,Recorrente,Ativo
4025,Cliente 04025,2025-02-07,,,,VIP,Ativo
4026,Cliente 04026,2025-09-19,,,,Novo,Ativo
4027,Cliente 04027,2024-09-22,,,,Recorrente,Ativo
4028,Cliente 04028,2024-11-10,,,,Novo,Ativo
4029,Cliente 04029,2025-12-15,,,,Novo,Inativo
4030,Cliente 04030,2024-02-10,,,,Novo,Ativo
4031,Cliente 04031,2024-04-14,,,,Novo,Ativo
4032,Cliente 04032,2024-07-11,,,,Recorrente,Ativo
4033,Cliente 04033,2025-02-04,,,,Novo,Ativo
4034,Cliente 04034,2024-10-04,,,,Novo,Ativo
4035,Cliente 04035,2024-12-19,,,,Recorrente,Ativo
4036,Cliente 04036,2025-08-02,,,,Recorrente,Ativo
4037,Cliente 04037,2025-12-09,,,,VIP,Ativo
4038,Cliente 04038,2024-09-12,,,,Recorrente,Ativo
4039,Cliente 04039,2025-10-12,,,,Recorrente,Ativo
4040,Cliente 04040,2025-10-22,,,,Novo,Ativo
4041,Cliente 04041,2024-04-08,,,,Novo,Ativo
4042,Cliente 04042,2025-08-10,,,,Novo,Ativo
4043,Cliente 04043,2024-10-08,,,,Novo,Ativo
4044,Cliente 04044,2025-02-06,,,,Recorrente,Ativo
4045,Cliente 04045,2024-04-18,,,,Novo,Ativo
4046,Cliente 04046,2025-11-30,,,,Recorrente,Ativo
4047,Cliente 04047,2024-07-17,,,,Novo,Inativo
4048,Cliente 04048,2024-10-29,,,,Novo,Ativo
4049,Cliente 04049,2024-11-22,,,,Novo,Ativo
4050,Cliente 04050,2024-06-02,,,,Recorrente,Ativo
4051,Cliente 04051,2025-07-05,,,,Recorrente,Ativo
4052,Cliente 04052,2025-10-06,,,,Recorrente,Ativo
4053,Cliente 04053,2025-02-08,,,,Novo,Ativo
4054,Cliente 04054,2025-04-06,,,,VIP,Ativo
4055,Cliente 04055,2024-05-11,,,,Novo,Ativo
4056,Cliente 04056,2024-03-24,,,,Novo,Ativo
4057,Cliente 04057,2025-02-02,,,,VIP,Ativo
4058,Cliente 04058,2025-09-19,,,,Novo,Ativo
4059,Cliente 04059,2024-04-18,,,,Recorrente,Ativo
4060,Cliente 04060,2024-08-08,,,,Novo,Ativo
4061,Cliente 04061,2025-07-06,,,,Recorrente,Ativo
4062,Cliente 04062,2025-01-02,,,,VIP,Ativo
4063,Cliente 04063,2024-05-26,,,,Novo,Ativo
4064,Cliente 04064,2024-04-21,,,,Recorrente,Ativo
4065,Cliente 04065,2025-09-06,,,,Novo,Ativo
4066,Cliente 04066,2025-07-11,,,,Recorrente,Ativo
4067,Cliente 04067,2025-05-08,,,,Novo,Ativo
4068,Cliente 04068,2025-05-19,,,,Novo,Ativo
4069,Cliente 04069,2025-04-19,,,,Novo,Ativo
4070,Cliente 04070,2024-09-27,,,,Novo,Ativo
4071,Cliente 04071,2025-02-24,,,,VIP,Ativo
4072,Cliente 04072,2025-12-07,,,,Novo,Ativo
4073,Cliente 04073,2025-01-01,,,,Novo,Ativo
4074,Cliente 04074,2024-10-06,,,,Novo,Ativo
4075,Cliente 04075,2024-10-09,,,,Novo,Ativo
4076,Cliente 04076,2024-02-09,,,,Recorrente,Ativo
4077,Cliente 04077,2024-07-07,,,,VIP,Ativo
4078,Cliente 04078,2024-06-12,,,,Novo,Ativo
4079,Cliente 04079,2025-06-19,,,,Recorrente,Ativo
4080,Cliente 04080,2025-06-19,,,,Recorrente,Ativo
4081,Cliente 04081,2024-01-04,,,,Novo,Inativo
4082,Cliente 04082,2024-10-16,,,,Recorrente,Ativo
4083,Cliente 04083,2025-03-08,,,,Novo,Ativo
4084,Cliente 04084,2025-04-15,,,,Recorrente,Ativo
4085,Cliente 04085,2024-06-29,,,,Recorrente,Ativo
4086,Cliente 04086,2024-09-04,,,,Novo,Ativo
4087,Cliente 04087,2025-09-19,,,,VIP,Ativo
4088,Cliente 04088,2024-10-05,,,,Recorrente,Ativo
4089,Cliente 04089,2025-08-03,,,,Novo,Ativo
4090,Cliente 04090,2024-09-10,,,,Recorrente,Ativo
4091,Cliente 04091,2024-06-29,,,,Novo,Ativo
4092,Cliente 04092,2025-11-11,,,,VIP,Ativo
4093,Cliente 04093,2025-05-23,,,,Recorrente,Ativo
4094,Cliente 04094,2025-11-30,,,,Novo,Ativo
4095,Cliente 04095,2025-07-19,,,,Novo,Ativo
4096,Cliente 04096,2024-11-21,,,,Recorrente,Ativo
4097,Cliente 04097,2024-12-22,,,,Novo,Ativo
4098,Cliente 04098,2025-10-11,,,,Novo,Ativo
4099,Cliente 04099,2025-11-10,,,,Novo,Ativo
4100,Cliente 04100,2025-01-25,,,,Novo,Ativo
4101,Cliente 04101,2025-09-06,,,,Novo,Ativo
4102,Cliente 04102,2024-03-25,,,,Novo,Inativo
4103,Cliente 04103,2024-11-12,,,,Novo,Ativo
4104,Cliente 04104,2024-07-30,,,,Recorrente,Ativo
4105,Cliente 04105,2025-05-29,,,,Novo,Ativo
4106,Cliente 04106,2025-01-18,,,,Novo,Ativo
4107,Cliente 04107,2025-11-21,,,,Novo,Ativo
4108,Cliente 04108,2024-12-07,,,,Recorrente,Ativo
4109,Cliente 04109,2024-02-07,,,,Novo,Ativo
4110,Cliente 04110,2025-05-25,,,,Novo,Ativo
4111,Cliente 04111,2025-02-23,,,,Novo,Ativo
4112,Cliente 04112,2024-06-17,,,,Recorrente,Ativo
4113,Cliente 04113,2024-12-08,,,,Recorrente,Ativo
4114,Cliente 04114,2024-11-01,,,,Recorrente,Ativo
4115,Cliente 04115,2025-06-25,,,,Recorrente,Ativo
4116,Cliente 04116,2025-12-02,,,,Recorrente,Ativo
4117,Cliente 04117,2025-06-20,,,,Novo,Ativo
4118,Cliente 04118,2024-04-21,,,,Recorrente,Ativo
4119,Cliente 04119,2025-02-14,,,,Novo,Ativo
4120,Cliente 04120,2024-07-24,,,,Recorrente,Ativo
4121,Cliente 04121,2024-07-03,,,,Recorrente,Ativo
4122,Cliente 04122,2025-01-16,,,,Novo,Ativo
4123,Cliente 04123,2025-05-10,,,,Novo,Ativo
4124,Cliente 04124,2025-01-13,,,,Novo,Ativo
4125,Cliente 04125,2024-02-16,,,,Recorrente,Ativo
4126,Cliente 04126,2025-07-04,,,,Recorrente,Ativo
4127,Cliente 04127,2025-06-11,,,,Recorrente,Ativo
4128,Cliente 04128,2025-05-18,,,,Novo,Ativo
4129,Cliente 04129,2024-01-22,,,,Recorrente,Ativo
4130,Cliente 04130,2024-07-31,,,,Recorrente,Ativo
4131,Cliente 04131,2024-11-05,,,,Recorrente,Ativo
4132,Cliente 04132,2025-10-22,,,,Novo,Ativo
4133,Cliente 04133,2024-09-28,,,,Novo,Ativo
4134,Cliente 04134,2025-07-24,,,,Recorrente,Ativo
4135,Cliente 04135,2024-07-20,,,,Recorrente,Ativo
4136,Cliente 04136,2024-02-01,,,,VIP,Ativo
4137,Cliente 04137,2025-03-18,,,,Novo,Ativo
4138,Cliente 04138,2024-06-10,,,,Novo,Ativo
4139,Cliente 04139,2024-09-10,,,,VIP,Ativo
4140,Cliente 04140,2025-06-04,,,,Novo,Ativo
4141,Cliente 04141,2025-10-12,,,,Recorrente,Ativo
4142,Cliente 04142,2025-04-24,,,,Novo,Ativo
4143,Cliente 04143,2024-01-10,,,,Novo,Ativo
4144,Cliente 04144,2025-12-26,,,,Recorrente,Inativo
4145,Cliente 04145,2025-05-19,,,,Recorrente,Ativo
4146,Cliente 04146,2025-07-13,,,,Novo,Ativo
4147,Cliente 04147,2025-03-11,,,,Novo,Ativo
4148,Cliente 04148,2024-04-20,,,,Recorrente,Ativo
4149,Cliente 04149,2024-06-01,,,,Novo,Ativo
4150,Cliente 04150,2025-09-26,,,,Recorrente,Ativo
4151,Cliente 04151,2024-04-11,,,,Novo,Ativo
4152,Cliente 04152,2024-07-09,,,,Recorrente,Ativo
4153,Cliente 04153,2025-12-29,,,,VIP,Ativo
4154,Cliente 04154,2025-07-16,,,,Recorrente,Ativo
4155,Cliente 04155,2024-03-21,,,,Novo,Ativo
4156,Cliente 04156,2025-05-03,,,,Recorrente,Ativo
4157,Cliente 04157,2024-03-28,,,,Novo,Inativo
4158,Cliente 04158,2024-07-12,,,,Novo,Ativo
4159,Cliente 04159,2024-04-13,,,,VIP,Ativo
4160,Cliente 04160,2024-04-05,,,,Recorrente,Ativo
4161,Cliente 04161,2025-02-26,,,,Recorrente,Ativo
4162,Cliente 04162,2024-07-16,,,,Novo,Ativo
4163,Cliente 04163,2024-01-01,,,,Novo,Ativo
4164,Cliente 04164,2025-02-10,,,,Novo,Ativo
4165,Cliente 04165,2025-01-12,,,,Recorrente,Ativo
4166,Cliente 04166,2024-06-15,,,,Recorrente,Ativo
4167,Cliente 04167,2025-05-23,,,,Novo,Ativo
4168,Cliente 04168,2025-09-29,,,,Recorrente,Ativo
4169,Cliente 04169,2024-11-08,,,,Novo,Ativo
4170,Cliente 04170,2025-08-15,,,,Novo,Ativo
4171,Cliente 04171,2025-02-21,,,,Novo,Ativo
4172,Cliente 04172,2025-11-11,,,,Novo,Ativo
4173,Cliente 04173,2025-04-21,,,,Novo,Ativo
4174,Cliente 04174,2024-03-13,,,,VIP,Ativo
4175,Cliente 04175,2024-05-20,,,,Novo,Ativo
4176,Cliente 04176,2025-08-04,,,,VIP,Ativo
4177,Cliente 04177,2024-09-18,,,,Novo,Ativo
4178,Cliente 04178,2024-12-05,,,,VIP,Ativo
4179,Cliente 04179,2024-11-03,,,,Recorrente,Ativo
4180,Cliente 04180,2024-09-01,,,,VIP,Ativo
4181,Cliente 04181,2025-05-29,,,,Novo,Ativo
4182,Cliente 04182,2024-12-02,,,,Recorrente,Ativo
4183,Cliente 04183,2025-07-28,,,,VIP,Ativo
4184,Cliente 04184,2025-07-14,,,,Novo,Inativo
4185,Cliente 04185,2024-03-16,,,,Novo,Ativo
4186,Cliente 04186,2024-06-23,,,,Novo,Ativo
4187,Cliente 04187,2024-04-18,,,,VIP,Ativo
4188,Cliente 04188,2024-07-01,,,,Novo,Ativo
4189,Cliente 04189,2024-07-10,,,,Novo,Ativo
4190,Cliente 04190,2024-03-05,,,,Novo,Ativo
4191,Cliente 04191,2025-04-18,,,,Novo,Ativo
4192,Cliente 04192,2024-04-09,,,,Recorrente,Ativo
4193,Cliente 04193,2025-06-27,,,,Novo,Ativo
4194,Cliente 04194,2024-05-07,,,,Recorrente,Ativo
4195,Cliente 04195,2025-03-27,,,,VIP,Ativo
4196,Cliente 04196,2025-01-03,,,,Novo,Ativo
4197,Cliente 04197,2024-02-12,,,,Recorrente,Inativo
4198,Cliente 04198,2025-02-22,,,,Novo,Ativo
4199,Cliente 04199,2025-05-02,,,,Recorrente,Ativo
4200,Cliente 04200,2024-03-18,,,,Novo,Ativo
4201,Cliente 04201,2024-09-26,,,,Recorrente,Ativo
4202,Cliente 04202,2025-11-04,,,,Novo,Ativo
4203,Cliente 04203,2025-12-01,,,,Novo,Ativo
4204,Cliente 04204,2025-12-28,,,,Recorrente,Ativo
4205,Cliente 04205,2024-11-10,,,,Novo,Ativo
4206,Cliente 04206,2024-06-16,,,,Recorrente,Ativo
4207,Cliente 04207,2024-12-04,,,,Novo,Ativo
4208,Cliente 04208,2024-07-11,,,,Recorrente,Ativo
4209,Cliente 04209,2025-03-28,,,,Novo,Ativo
4210,Cliente 04210,2024-10-09,,,,Recorrente,Ativo
4211,Cliente 04211,2024-12-01,,,,Novo,Ativo
4212,Cliente 04212,2025-01-24,,,,Novo,Ativo
4213,Cliente 04213,2025-06-08,,,,Novo,Ativo
4214,Cliente 04214,2024-08-27,,,,Recorrente,Ativo
4215,Cliente 04215,2025-04-27,,,,Novo,Ativo
4216,Cliente 04216,2025-10-20,,,,Recorrente,Ativo
4217,Cliente 04217,2025-12-16,,,,Recorrente,Ativo
4218,Cliente 04218,2025-08-14,,,,Novo,Ativo
4219,Cliente 04219,2025-07-08,,,,Recorrente,Ativo
4220,Cliente 04220,2025-04-02,,,,Novo,Ativo
4221,Cliente 04221,2024-03-29,,,,Novo,Ativo
4222,Cliente 04222,2025-10-21,,,,Recorrente,Ativo
4223,Cliente 04223,2024-04-04,,,,Recorrente,Ativo
4224,Cliente 04224,2025-03-27,,,,Recorrente,Ativo
4225,Cliente 04225,2025-03-03,,,,Novo,Ativo
4226,Cliente 04226,2024-05-30,,,,Novo,Inativo
4227,Cliente 04227,2025-05-28,,,,Novo,Ativo
4228,Cliente 04228,2025-01-10,,,,Recorrente,Ativo
4229,Cliente 04229,2024-01-22,,,,Novo,Ativo
4230,Cliente 04230,2024-11-08,,,,Recorrente,Ativo
4231,Cliente 04231,2025-06-02,,,,Novo,Ativo
4232,Cliente 04232,2024-07-24,,,,Novo,Ativo
4233,Cliente 04233,2025-01-09,,,,Novo,Ativo
4234,Cliente 04234,2025-03-26,,,,Novo,Ativo
4235,Cliente 04235,2025-09-17,,,,Novo,Ativo
4236,Cliente 04236,2025-08-17,,,,Recorrente,Inativo
4237,Cliente 04237,2024-06-27,,,,Recorrente,Ativo
4238,Cliente 04238,2024-07-28,,,,Novo,Ativo
4239,Cliente 04239,2025-05-14,,,,Novo,Ativo
4240,Cliente 04240,2025-04-08,,,,Novo,Ativo
4241,Cliente 04241,2024-05-03,,,,Recorrente,Ativo
4242,Cliente 04242,2024-04-22,,,,Novo,Ativo
4243,Cliente 04243,2024-01-12,,,,VIP,Ativo
4244,Cliente 04244,2024-05-05,,,,Novo,Ativo
4245,Cliente 04245,2025-07-18,,,,Novo,Ativo
4246,Cliente 04246,2024-11-26,,,,VIP,Inativo
4247,Cliente 04247,2024-10-09,,,,Novo,Ativo
4248,Cliente 04248,2024-05-19,,,,Recorrente,Ativo
4249,Cliente 04249,2025-02-04,,,,Novo,Ativo
4250,Cliente 04250,2024-04-06,,,,Novo,Ativo
4251,Cliente 04251,2025-05-31,,,,Novo,Ativo
4252,Cliente 04252,2025-07-22,,,,Recorrente,Inativo
4253,Cliente 04253,2024-03-09,,,,Recorrente,Ativo
4254,Cliente 04254,2024-04-27,,,,Novo,Inativo
4255,Cliente 04255,2024-02-28,,,,VIP,Ativo
4256,Cliente 04256,2024-02-02,,,,Novo,Ativo
4257,Cliente 04257,2024-11-13,,,,Novo,Ativo
4258,Cliente 04258,2024-02-19,,,,Novo,Ativo
4259,Cliente 04259,2025-05-03,,,,Novo,Ativo
4260,Cliente 04260,2024-01-19,,,,Novo,Ativo
4261,Cliente 04261,2025-12-26,,,,VIP,Ativo
4262,Cliente 04262,2024-07-15,,,,Novo,Ativo
4263,Cliente 04263,2025-03-25,,,,Novo,Ativo
4264,Cliente 04264,2025-07-12,,,,Novo,Ativo
4265,Cliente 04265,2025-11-09,,,,Recorrente,Ativo
4266,Cliente 04266,2025-03-27,,,,Recorrente,Ativo
4267,Cliente 04267,2024-10-15,,,,Novo,Ativo
4268,Cliente 04268,2024-05-20,,,,Novo,Ativo
4269,Cliente 04269,2024-03-24,,,,Novo,Ativo
4270,Cliente 04270,2025-11-24,,,,Novo,Ativo
4271,Cliente 04271,2025-01-25,,,,Novo,Ativo
4272,Cliente 04272,2025-08-13,,,,Novo,Ativo
4273,Cliente 04273,2024-08-02,,,,Novo,Ativo
4274,Cliente 04274,2025-06-09,,,,Novo,Ativo
4275,Cliente 04275,2024-08-02,,,,Novo,Ativo
4276,Cliente 04276,2025-02-06,,,,VIP,Inativo
4277,Cliente 04277,2024-05-07,,,,VIP,Ativo
4278,Cliente 04278,2025-04-21,,,,Recorrente,Ativo
4279,Cliente 04279,2025-02-07,,,,Novo,Ativo
4280,Cliente 04280,2024-01-29,,,,Novo,Ativo
4281,Cliente 04281,2024-12-03,,,,Novo,Ativo
4282,Cliente 04282,2025-12-14,,,,Recorrente,Ativo
4283,Cliente 04283,2024-12-26,,,,Novo,Inativo
4284,Cliente 04284,2025-07-22,,,,Recorrente,Ativo
4285,Cliente 04285,2025-01-26,,,,VIP,Ativo
4286,Cliente 04286,2024-08-05,,,,Novo,Ativo
4287,Cliente 04287,2025-07-27,,,,Recorrente,Ativo
4288,Cliente 04288,2025-10-30,,,,Novo,Ativo
4289,Cliente 04289,2024-07-20,,,,Novo,Ativo
4290,Cliente 04290,2024-01-17,,,,Novo,Ativo
4291,Cliente 04291,2024-11-17,,,,Novo,Ativo
4292,Cliente 04292,2025-06-01,,,,Recorrente,Ativo
4293,Cliente 04293,2025-07-23,,,,Novo,Ativo
4294,Cliente 04294,2024-11-20,,,,Novo,Ativo
4295,Cliente 04295,2025-02-15,,,,Recorrente,Ativo
4296,Cliente 04296,2024-11-13,,,,Recorrente,Ativo
4297,Cliente 04297,2025-11-11,,,,Novo,Ativo
4298,Cliente 04298,2024-03-22,,,,Recorrente,Ativo
4299,Cliente 04299,2025-04-18,,,,Recorrente,Ativo
4300,Cliente 04300,2025-04-12,,,,Novo,Ativo
4301,Cliente 04301,2025-02-28,,,,Novo,Ativo
4302,Cliente 04302,2025-12-31,,,,Novo,Ativo
4303,Cliente 04303,2025-11-19,,,,Recorrente,Ativo
4304,Cliente 04304,2024-07-22,,,,Recorrente,Ativo
4305,Cliente 04305,2025-08-05,,,,Recorrente,Inativo
4306,Cliente 04306,2025-01-21,,,,Novo,Ativo
4307,Cliente 04307,2024-04-07,,,,Novo,Ativo
4308,Cliente 04308,2024-12-10,,,,Novo,Ativo
4309,Cliente 04309,2024-07-26,,,,Novo,Ativo
4310,Cliente 04310,2025-05-28,,,,Recorrente,Ativo
4311,Cliente 04311,2025-09-27,,,,Recorrente,Ativo
4312,Cliente 04312,2025-08-08,,,,Novo,Ativo
4313,Cliente 04313,2024-06-14,,,,Novo,Ativo
4314,Cliente 04314,2024-01-22,,,,Novo,Ativo
4315,Cliente 04315,2024-06-02,,,,Novo,Ativo
4316,Cliente 04316,2025-03-14,,,,Novo,Ativo
4317,Cliente 04317,2024-10-21,,,,Novo,Ativo
4318,Cliente 04318,2024-08-06,,,,Novo,Ativo
4319,Cliente 04319,2025-10-30,,,,Novo,Ativo
4320,Cliente 04320,2025-05-09,,,,Novo,Inativo
4321,Cliente 04321,2024-08-17,,,,Novo,Ativo
4322,Cliente 04322,2024-01-20,,,,Recorrente,Ativo
4323,Cliente 04323,2025-07-06,,,,Novo,Ativo
4324,Cliente 04324,2024-05-27,,,,VIP,Ativo
4325,Cliente 04325,2024-04-17,,,,Novo,Ativo
4326,Cliente 04326,2025-02-06,,,,Novo,Ativo
4327,Cliente 04327,2025-08-18,,,,Novo,Ativo
4328,Cliente 04328,2025-04-27,,,,Novo,Ativo
4329,Cliente 04329,2025-01-01,,,,Recorrente,Ativo
4330,Cliente 04330,2025-02-17,,,,Novo,Ativo
4331,Cliente 04331,2024-11-04,,,,VIP,Ativo
4332,Cliente 04332,2024-05-13,,,,Recorrente,Ativo
4333,Cliente 04333,2025-12-19,,,,Novo,Inativo
4334,Cliente 04334,2024-10-09,,,,Novo,Ativo
4335,Cliente 04335,2024-03-13,,,,Recorrente,Ativo
4336,Cliente 04336,2025-04-25,,,,Novo,Ativo
4337,Cliente 04337,2024-12-17,,,,Recorrente,Ativo
4338,Cliente 04338,2025-07-13,,,,Novo,Ativo
4339,Cliente 04339,2024-11-21,,,,Novo,Ativo
4340,Cliente 04340,2025-03-18,,,,Novo,Ativo
4341,Cliente 04341,2024-04-09,,,,Novo,Ativo
4342,Cliente 04342,2024-02-28,,,,Recorrente,Ativo
4343,Cliente 04343,2025-05-22,,,,Novo,Ativo
4344,Cliente 04344,2024-09-14,,,,Recorrente,Ativo
4345,Cliente 04345,2025-02-16,,,,Novo,Ativo
4346,Cliente 04346,2025-03-27,,,,Novo,Ativo
4347,Cliente 04347,2024-03-05,,,,Novo,Inativo
4348,Cliente 04348,2025-08-17,,,,Novo,Ativo
4349,Cliente 04349,2024-06-02,,,,Novo,Ativo
4350,Cliente 04350,2024-09-22,,,,Novo,Ativo
4351,Cliente 04351,2024-03-19,,,,Recorrente,Ativo
4352,Cliente 04352,2024-11-10,,,,Novo,Inativo
4353,Cliente 04353,2025-10-23,,,,Novo,Ativo
4354,Cliente 04354,2025-07-13,,,,Recorrente,Ativo
4355,Cliente 04355,2024-09-04,,,,Recorrente,Ativo
4356,Cliente 04356,2025-09-01,,,,Novo,Ativo
4357,Cliente 04357,2025-02-17,,,,Novo,Ativo
4358,Cliente 04358,2024-01-25,,,,Recorrente,Ativo
4359,Cliente 04359,2024-10-10,,,,Recorrente,Ativo
4360,Cliente 04360,2025-03-24,,,,Novo,Ativo
4361,Cliente 04361,2024-10-27,,,,Novo,Ativo
4362,Cliente 04362,2024-03-08,,,,Recorrente,Ativo
4363,Cliente 04363,2024-01-07,,,,Novo,Ativo
4364,Cliente 04364,2024-05-16,,,,VIP,Ativo
4365,Cliente 04365,2024-06-12,,,,Novo,Ativo
4366,Cliente 04366,2024-03-23,,,,Recorrente,Ativo
4367,Cliente 04367,2025-10-11,,,,Novo,Ativo
4368,Cliente 04368,2025-02-23,,,,Novo,Ativo
4369,Cliente 04369,2024-03-13,,,,Recorrente,Ativo
4370,Cliente 04370,2024-08-24,,,,Novo,Inativo
4371,Cliente 04371,2024-02-15,,,,Novo,Inativo
4372,Cliente 04372,2025-09-09,,,,Novo,Ativo
4373,Cliente 04373,2024-09-18,,,,Novo,Ativo
4374,Cliente 04374,2024-06-24,,,,Novo,Ativo
4375,Cliente 04375,2024-06-14,,,,Recorrente,Ativo
4376,Cliente 04376,2025-10-18,,,,Novo,Ativo
4377,Cliente 04377,2025-01-04,,,,Novo,Ativo
4378,Cliente 04378,2024-02-23,,,,Novo,Ativo
4379,Cliente 04379,2025-11-20,,,,Recorrente,Ativo
4380,Cliente 04380,2025-02-22,,,,Recorrente,Ativo
4381,Cliente 04381,2025-05-21,,,,Novo,Ativo
4382,Cliente 04382,2024-12-06,,,,Novo,Inativo
4383,Cliente 04383,2024-05-06,,,,VIP,Ativo
4384,Cliente 04384,2025-02-12,,,,Novo,Ativo
4385,Cliente 04385,2025-01-01,,,,Recorrente,Ativo
4386,Cliente 04386,2024-09-27,,,,Recorrente,Ativo
4387,Cliente 04387,2025-10-05,,,,Recorrente,Ativo
4388,Cliente 04388,2025-08-27,,,,Novo,Ativo
4389,Cliente 04389,2025-01-13,,,,Recorrente,Ativo
4390,Cliente 04390,2024-03-13,,,,Recorrente,Ativo
4391,Cliente 04391,2024-09-04,,,,Recorrente,Ativo
4392,Cliente 04392,2024-02-12,,,,Novo,Ativo
4393,Cliente 04393,2025-01-11,,,,Novo,Ativo
4394,Cliente 04394,2024-02-10,,,,Novo,Ativo
4395,Cliente 04395,2024-06-18,,,,Novo,Ativo
4396,Cliente 04396,2024-07-30,,,,Recorrente,Ativo
4397,Cliente 04397,2025-05-07,,,,Novo,Ativo
4398,Cliente 04398,2025-11-10,,,,Novo,Ativo
4399,Cliente 04399,2024-02-08,,,,Novo,Ativo
4400,Cliente 04400,2025-01-03,,,,Recorrente,Ativo
4401,Cliente 04401,2024-05-30,,,,VIP,Ativo
4402,Cliente 04402,2024-04-20,,,,Novo,Ativo
4403,Cliente 04403,2025-04-24,,,,Novo,Ativo
4404,Cliente 04404,2025-03-11,,,,Novo,Ativo
4405,Cliente 04405,2024-02-16,,,,Recorrente,Ativo
4406,Cliente 04406,2025-07-28,,,,Recorrente,Ativo
4407,Cliente 04407,2024-12-31,,,,VIP,Ativo
4408,Cliente 04408,2024-03-09,,,,Novo,Ativo
4409,Cliente 04409,2024-10-25,,,,VIP,Ativo
4410,Cliente 04410,2024-10-22,,,,Novo,Ativo
4411,Cliente 04411,2024-07-21,,,,Recorrente,Ativo
4412,Cliente 04412,2024-03-01,,,,Novo,Ativo
4413,Cliente 04413,2024-11-09,,,,Recorrente,Ativo
4414,Cliente 04414,2024-06-09,,,,Novo,Ativo
4415,Cliente 04415,2024-11-26,,,,Recorrente,Inativo
4416,Cliente 04416,2025-06-11,,,,Recorrente,Ativo
4417,Cliente 04417,2024-12-03,,,,Novo,Ativo
4418,Cliente 04418,2025-08-28,,,,Novo,Inativo
4419,Cliente 04419,2024-10-30,,,,Recorrente,Ativo
4420,Cliente 04420,2025-05-17,,,,Novo,Ativo
4421,Cliente 04421,2025-10-11,,,,Novo,Ativo
4422,Cliente 04422,2024-12-03,,,,Novo,Ativo
4423,Cliente 04423,2025-07-03,,,,Recorrente,Ativo
4424,Cliente 04424,2025-09-30,,,,Novo,Ativo
4425,Cliente 04425,2024-10-01,,,,Novo,Ativo
4426,Cliente 04426,2024-06-12,,,,Novo,Ativo
4427,Cliente 04427,2025-03-18,,,,Novo,Ativo
4428,Cliente 04428,2024-11-14,,,,Recorrente,Ativo
4429,Cliente 04429,2025-08-11,,,,VIP,Ativo
4430,Cliente 04430,2025-05-18,,,,Recorrente,Inativo
4431,Cliente 04431,2025-11-16,,,,Novo,Ativo
4432,Cliente 04432,2025-01-21,,,,VIP,Ativo
4433,Cliente 04433,2025-08-25,,,,Novo,Inativo
4434,Cliente 04434,2025-11-21,,,,Novo,Ativo
4435,Cliente 04435,2025-05-08,,,,VIP,Ativo
4436,Cliente 04436,2025-05-04,,,,Recorrente,Ativo
4437,Cliente 04437,2025-12-21,,,,Recorrente,Ativo
4438,Cliente 04438,2024-03-13,,,,Recorrente,Ativo
4439,Cliente 04439,2025-05-23,,,,Novo,Ativo
4440,Cliente 04440,2025-01-24,,,,Novo,Ativo
4441,Cliente 04441,2025-09-10,,,,Recorrente,Ativo
4442,Cliente 04442,2024-10-21,,,,Novo,Inativo
4443,Cliente 04443,2025-01-03,,,,Novo,Ativo
4444,Cliente 04444,2025-11-24,,,,Recorrente,Ativo
4445,Cliente 04445,2025-07-02,,,,Recorrente,Inativo
4446,Cliente 04446,2025-10-10,,,,Novo,Ativo
4447,Cliente 04447,2025-07-21,,,,Recorrente,Ativo
4448,Cliente 04448,2024-07-05,,,,Recorrente,Ativo
4449,Cliente 04449,2025-03-20,,,,Recorrente,Ativo
4450,Cliente 04450,2025-07-23,,,,Novo,Ativo
4451,Cliente 04451,2024-12-28,,,,Novo,Ativo
4452,Cliente 04452,2024-05-02,,,,Novo,Ativo
4453,Cliente 04453,2024-07-06,,,,Novo,Ativo
4454,Cliente 04454,2025-11-10,,,,Novo,Inativo
4455,Cliente 04455,2025-02-23,,,,Novo,Ativo
4456,Cliente 04456,2025-09-17,,,,Novo,Ativo
4457,Cliente 04457,2024-09-08,,,,VIP,Ativo
4458,Cliente 04458,2025-09-10,,,,Novo,Ativo
4459,Cliente 04459,2025-07-02,,,,Recorrente,Inativo
4460,Cliente 04460,2024-11-30,,,,Recorrente,Ativo
4461,Cliente 04461,2024-04-01,,,,Novo,Inativo
4462,Cliente 04462,2025-06-13,,,,VIP,Ativo
4463,Cliente 04463,2024-03-03,,,,Recorrente,Ativo
4464,Cliente 04464,2025-10-23,,,,Novo,Ativo
4465,Cliente 04465,2025-05-26,,,,Recorrente,Inativo
4466,Cliente 04466,2024-05-18,,,,Novo,Inativo
4467,Cliente 04467,2025-11-28,,,,Recorrente,Ativo
4468,Cliente 04468,2024-07-03,,,,Novo,Ativo
4469,Cliente 04469,2024-07-23,,,,Recorrente,Ativo
4470,Cliente 04470,2024-08-01,,,,Novo,Ativo
4471,Cliente 04471,2024-09-12,,,,Recorrente,Ativo
4472,Cliente 04472,2024-05-14,,,,Novo,Ativo
4473,Cliente 04473,2025-07-26,,,,Recorrente,Inativo
4474,Cliente 04474,2024-03-28,,,,Recorrente,Ativo
4475,Cliente 04475,2024-07-25,,,,Novo,Ativo
4476,Cliente 04476,2024-05-08,,,,Recorrente,Ativo
4477,Cliente 04477,2024-01-03,,,,Novo,Ativo
4478,Cliente 04478,2024-04-30,,,,Recorrente,Inativo
4479,Cliente 04479,2025-01-19,,,,Novo,Ativo
4480,Cliente 04480,2025-09-05,,,,Recorrente,Ativo
4481,Cliente 04481,2024-02-07,,,,Recorrente,Inativo
4482,Cliente 04482,2024-12-06,,,,Novo,Ativo
4483,Cliente 04483,2025-10-06,,,,Novo,Ativo
4484,Cliente 04484,2025-12-14,,,,Novo,Ativo
4485,Cliente 04485,2024-01-21,,,,Recorrente,Ativo
4486,Cliente 04486,2024-08-29,,,,Novo,Ativo
4487,Cliente 04487,2025-03-30,,,,Novo,Ativo
4488,Cliente 04488,2025-09-12,,,,Recorrente,Ativo
4489,Cliente 04489,2024-10-29,,,,Novo,Ativo
4490,Cliente 04490,2025-08-18,,,,Recorrente,Ativo
4491,Cliente 04491,2025-08-17,,,,Novo,Ativo
4492,Cliente 04492,2024-03-09,,,,Novo,Ativo
4493,Cliente 04493,2024-05-08,,,,Recorrente,Ativo
4494,Cliente 04494,2024-07-14,,,,Novo,Ativo
4495,Cliente 04495,2024-05-19,,,,Novo,Ativo
4496,Cliente 04496,2025-03-19,,,,Recorrente,Ativo
4497,Cliente 04497,2024-10-09,,,,Novo,Ativo
4498,Cliente 04498,2024-11-07,,,,VIP,Ativo
4499,Cliente 04499,2025-06-18,,,,VIP,Ativo
4500,Cliente 04500,2025-10-26,,,,Novo,Ativo
4501,Cliente 04501,2024-10-03,,,,Novo,Inativo
4502,Cliente 04502,2024-03-01,,,,Recorrente,Ativo
4503,Cliente 04503,2024-11-14,,,,Novo,Ativo
4504,Cliente 04504,2024-02-21,,,,Novo,Ativo
4505,Cliente 04505,2024-06-01,,,,Recorrente,Ativo
4506,Cliente 04506,2024-11-06,,,,Novo,Ativo
4507,Cliente 04507,2025-06-27,,,,Recorrente,Inativo
4508,Cliente 04508,2025-07-20,,,,Novo,Ativo
4509,Cliente 04509,2025-01-23,,,,Novo,Inativo
4510,Cliente 04510,2025-07-01,,,,Novo,Ativo
4511,Cliente 04511,2025-09-13,,,,VIP,Inativo
4512,Cliente 04512,2024-06-25,,,,Recorrente,Ativo
4513,Cliente 04513,2024-12-27,,,,Recorrente,Ativo
4514,Cliente 04514,2024-11-09,,,,Novo,Ativo
4515,Cliente 04515,2024-04-06,,,,Novo,Ativo
4516,Cliente 04516,2024-07-31,,,,Novo,Ativo
4517,Cliente 04517,2024-05-16,,,,Novo,Ativo
4518,Cliente 04518,2024-01-06,,,,Recorrente,Ativo
4519,Cliente 04519,2024-04-18,,,,Recorrente,Ativo
4520,Cliente 04520,2025-06-30,,,,Novo,Ativo
4521,Cliente 04521,2024-02-08,,,,VIP,Ativo
4522,Cliente 04522,2025-10-23,,,,Novo,Inativo
4523,Cliente 04523,2025-02-28,,,,VIP,Ativo
4524,Cliente 04524,2025-09-21,,,,Novo,Ativo
4525,Cliente 04525,2024-09-17,,,,Novo,Ativo
4526,Cliente 04526,2025-03-01,,,,Novo,Ativo
4527,Cliente 04527,2024-03-27,,,,Novo,Ativo
4528,Cliente 04528,2025-04-09,,,,Recorrente,Ativo
4529,Cliente 04529,2024-03-16,,,,Novo,Ativo
4530,Cliente 04530,2025-04-15,,,,Novo,Ativo
4531,Cliente 04531,2025-02-17,,,,Recorrente,Ativo
4532,Cliente 04532,2025-12-26,,,,Recorrente,Ativo
4533,Cliente 04533,2025-04-01,,,,Recorrente,Inativo
4534,Cliente 04534,2024-10-11,,,,Novo,Ativo
4535,Cliente 04535,2024-08-26,,,,Recorrente,Ativo
4536,Cliente 04536,2025-11-07,,,,Recorrente,Ativo
4537,Cliente 04537,2025-08-21,,,,Novo,Ativo
4538,Cliente 04538,2025-10-14,,,,Novo,Inativo
4539,Cliente 04539,2025-11-02,,,,Novo,Ativo
4540,Cliente 04540,2025-07-11,,,,Novo,Ativo
4541,Cliente 04541,2025-01-06,,,,Novo,Ativo
4542,Cliente 04542,2025-05-09,,,,Novo,Ativo
4543,Cliente 04543,2025-09-15,,,,Recorrente,Ativo
4544,Cliente 04544,2024-02-14,,,,Recorrente,Ativo
4545,Cliente 04545,2025-02-04,,,,VIP,Ativo
4546,Cliente 04546,2024-09-03,,,,Recorrente,Inativo
4547,Cliente 04547,2025-09-07,,,,Novo,Ativo
4548,Cliente 04548,2025-08-19,,,,Recorrente,Ativo
4549,Cliente 04549,2025-03-25,,,,Recorrente,Ativo
4550,Cliente 04550,2025-04-29,,,,Novo,Ativo
4551,Cliente 04551,2025-10-07,,,,Recorrente,Ativo
4552,Cliente 04552,2025-09-11,,,,VIP,Ativo
4553,Cliente 04553,2024-01-18,,,,Novo,Ativo
4554,Cliente 04554,2025-08-28,,,,VIP,Inativo
4555,Cliente 04555,2025-10-23,,,,Novo,Ativo
4556,Cliente 04556,2024-10-15,,,,Novo,Ativo
4557,Cliente 04557,2025-02-17,,,,Novo,Ativo
4558,Cliente 04558,2025-12-21,,,,Recorrente,Ativo
4559,Cliente 04559,2025-09-29,,,,Recorrente,Ativo
4560,Cliente 04560,2024-08-22,,,,VIP,Ativo
4561,Cliente 04561,2025-02-19,,,,Novo,Ativo
4562,Cliente 04562,2025-05-13,,,,Novo,Ativo
4563,Cliente 04563,2025-09-25,,,,Recorrente,Ativo
4564,Cliente 04564,2025-10-11,,,,Recorrente,Ativo
4565,Cliente 04565,2024-04-24,,,,Novo,Ativo
4566,Cliente 04566,2025-11-04,,,,Novo,Ativo
4567,Cliente 04567,2025-12-13,,,,Recorrente,Inativo
4568,Cliente 04568,2024-08-21,,,,Recorrente,Ativo
4569,Cliente 04569,2025-06-23,,,,Novo,Ativo
4570,Cliente 04570,2024-01-11,,,,Novo,Ativo
4571,Cliente 04571,2024-07-24,,,,VIP,Ativo
4572,Cliente 04572,2025-11-09,,,,Recorrente,Ativo
4573,Cliente 04573,2024-09-03,,,,Novo,Ativo
4574,Cliente 04574,2025-07-12,,,,Novo,Ativo
4575,Cliente 04575,2024-05-06,,,,Recorrente,Ativo
4576,Cliente 04576,2024-05-26,,,,Novo,Ativo
4577,Cliente 04577,2024-04-27,,,,Novo,Inativo
4578,Cliente 04578,2025-01-16,,,,Novo,Ativo
4579,Cliente 04579,2025-02-15,,,,Novo,Ativo
4580,Cliente 04580,2025-10-25,,,,Recorrente,Ativo
4581,Cliente 04581,2025-08-06,,,,Novo,Ativo
4582,Cliente 04582,2024-12-28,,,,Recorrente,Ativo
4583,Cliente 04583,2025-05-23,,,,Novo,Ativo
4584,Cliente 04584,2024-05-16,,,,Novo,Ativo
4585,Cliente 04585,2024-06-23,,,,Novo,Ativo
4586,Cliente 04586,2024-10-15,,,,VIP,Ativo
4587,Cliente 04587,2025-04-25,,,,Recorrente,Ativo
4588,Cliente 04588,2024-01-19,,,,Novo,Ativo
4589,Cliente 04589,2024-07-13,,,,Recorrente,Ativo
4590,Cliente 04590,2024-11-25,,,,Recorrente,Ativo
4591,Cliente 04591,2024-06-23,,,,VIP,Ativo
4592,Cliente 04592,2025-03-24,,,,Novo,Ativo
4593,Cliente 04593,2024-12-19,,,,Recorrente,Ativo
4594,Cliente 04594,2025-05-13,,,,Novo,Inativo
4595,Cliente 04595,2024-05-20,,,,Novo,Inativo
4596,Cliente 04596,2024-04-02,,,,VIP,Ativo
4597,Cliente 04597,2024-08-26,,,,Novo,Ativo
4598,Cliente 04598,2024-07-23,,,,Novo,Ativo
4599,Cliente 04599,2025-07-13,,,,Novo,Inativo
4600,Cliente 04600,2025-03-08,,,,Recorrente,Ativo
4601,Cliente 04601,2024-09-01,,,,Recorrente,Ativo
4602,Cliente 04602,2024-11-12,,,,Novo,Ativo
4603,Cliente 04603,2024-10-21,,,,VIP,Ativo
4604,Cliente 04604,2025-10-01,,,,Novo,Ativo
4605,Cliente 04605,2024-10-08,,,,Novo,Inativo
4606,Cliente 04606,2024-01-17,,,,VIP,Ativo
4607,Cliente 04607,2024-03-11,,,,Novo,Ativo
4608,Cliente 04608,2024-09-25,,,,Novo,Ativo
4609,Cliente 04609,2024-11-20,,,,Novo,Ativo
4610,Cliente 04610,2024-10-31,,,,Recorrente,Ativo
4611,Cliente 04611,2025-03-26,,,,Novo,Ativo
4612,Cliente 04612,2024-01-07,,,,VIP,Ativo
4613,Cliente 04613,2024-11-09,,,,Recorrente,Ativo
4614,Cliente 04614,2024-04-12,,,,Novo,Ativo
4615,Cliente 04615,2024-07-11,,,,Recorrente,Ativo
4616,Cliente 04616,2025-07-27,,,,Novo,Ativo
4617,Cliente 04617,2025-06-12,,,,Novo,Ativo
4618,Cliente 04618,2024-06-19,,,,Recorrente,Ativo
4619,Cliente 04619,2025-06-20,,,,VIP,Ativo
4620,Cliente 04620,2024-09-07,,,,Novo,Ativo
4621,Cliente 04621,2025-01-21,,,,Novo,Ativo
4622,Cliente 04622,2024-07-25,,,,Novo,Ativo
4623,Cliente 04623,2025-06-24,,,,Novo,Ativo
4624,Cliente 04624,2025-09-20,,,,Novo,Ativo
4625,Cliente 04625,2025-02-19,,,,Novo,Ativo
4626,Cliente 04626,2025-01-14,,,,Recorrente,Ativo
4627,Cliente 04627,2024-05-23,,,,Novo,Ativo
4628,Cliente 04628,2024-01-25,,,,Novo,Ativo
4629,Cliente 04629,2025-10-29,,,,Recorrente,Ativo
4630,Cliente 04630,2024-03-13,,,,Recorrente,Ativo
4631,Cliente 04631,2025-09-23,,,,Novo,Ativo
4632,Cliente 04632,2024-04-02,,,,Novo,Ativo
4633,Cliente 04633,2025-05-19,,,,Recorrente,Ativo
4634,Cliente 04634,2025-08-20,,,,Novo,Ativo
4635,Cliente 04635,2024-12-01,,,,Novo,Ativo
4636,Cliente 04636,2025-02-28,,,,Recorrente,Ativo
4637,Cliente 04637,2025-05-13,,,,Novo,Ativo
4638,Cliente 04638,2024-12-29,,,,Novo,Ativo
4639,Cliente 04639,2025-09-21,,,,Novo,Ativo
4640,Cliente 04640,2024-07-17,,,,Novo,Ativo
4641,Cliente 04641,2025-12-18,,,,Novo,Ativo
4642,Cliente 04642,2025-02-16,,,,VIP,Ativo
4643,Cliente 04643,2024-12-04,,,,Novo,Ativo
4644,Cliente 04644,2025-10-20,,,,Novo,Ativo
4645,Cliente 04645,2025-03-04,,,,Novo,Ativo
4646,Cliente 04646,2024-05-18,,,,VIP,Inativo
4647,Cliente 04647,2025-11-23,,,,Novo,Inativo
4648,Cliente 04648,2025-06-25,,,,Novo,Inativo
4649,Cliente 04649,2024-02-26,,,,Recorrente,Ativo
4650,Cliente 04650,2024-08-19,,,,Novo,Ativo
4651,Cliente 04651,2025-10-19,,,,Novo,Ativo
4652,Cliente 04652,2025-03-10,,,,Novo,Ativo
4653,Cliente 04653,2025-01-18,,,,Novo,Ativo
4654,Cliente 04654,2025-07-13,,,,Novo,Ativo
4655,Cliente 04655,2024-07-12,,,,Recorrente,Inativo
4656,Cliente 04656,2025-10-09,,,,Novo,Ativo
4657,Cliente 04657,2025-06-17,,,,Recorrente,Ativo
4658,Cliente 04658,2025-06-01,,,,Novo,Ativo
4659,Cliente 04659,2025-12-16,,,,Novo,Ativo
4660,Cliente 04660,2024-07-03,,,,Novo,Ativo
4661,Cliente 04661,2024-10-18,,,,VIP,Ativo
4662,Cliente 04662,2024-11-30,,,,Novo,Ativo
4663,Cliente 04663,2024-04-25,,,,Recorrente,Ativo
4664,Cliente 04664,2024-02-18,,,,Novo,Ativo
4665,Cliente 04665,2025-11-15,,,,Novo,Ativo
4666,Cliente 04666,2024-03-22,,,,Novo,Ativo
4667,Cliente 04667,2024-11-28,,,,Novo,Ativo
4668,Cliente 04668,2025-07-10,,,,Novo,Ativo
4669,Cliente 04669,2024-11-30,,,,Novo,Ativo
4670,Cliente 04670,2025-06-15,,,,Recorrente,Ativo
4671,Cliente 04671,2024-08-08,,,,Novo,Ativo
4672,Cliente 04672,2025-09-26,,,,Recorrente,Inativo
4673,Cliente 04673,2024-11-18,,,,Novo,Ativo
4674,Cliente 04674,2024-01-03,,,,Novo,Ativo
4675,Cliente 04675,2025-11-24,,,,Recorrente,Ativo
4676,Cliente 04676,2024-07-24,,,,Novo,Ativo
4677,Cliente 04677,2024-02-09,,,,Novo,Ativo
4678,Cliente 04678,2024-02-28,,,,Recorrente,Ativo
4679,Cliente 04679,2025-07-27,,,,Recorrente,Ativo
4680,Cliente 04680,2025-10-05,,,,Novo,Inativo
4681,Cliente 04681,2025-05-21,,,,Novo,Ativo
4682,Cliente 04682,2025-07-25,,,,Recorrente,Ativo
4683,Cliente 04683,2024-05-01,,,,Novo,Ativo
4684,Cliente 04684,2025-04-23,,,,Recorrente,Ativo
4685,Cliente 04685,2025-09-10,,,,Novo,Ativo
4686,Cliente 04686,2024-04-05,,,,Novo,Ativo
4687,Cliente 04687,2025-02-17,,,,Recorrente,Ativo
4688,Cliente 04688,2024-08-22,,,,Novo,Ativo
4689,Cliente 04689,2024-03-02,,,,Novo,Ativo
4690,Cliente 04690,2024-09-12,,,,Novo,Ativo
4691,Cliente 04691,2025-07-14,,,,Recorrente,Ativo
4692,Cliente 04692,2024-12-13,,,,Recorrente,Ativo
4693,Cliente 04693,2025-11-01,,,,Novo,Ativo
4694,Cliente 04694,2024-05-03,,,,Novo,Inativo
4695,Cliente 04695,2025-04-26,,,,Recorrente,Ativo
4696,Cliente 04696,2024-11-12,,,,Recorrente,Ativo
4697,Cliente 04697,2025-05-18,,,,Recorrente,Inativo
4698,Cliente 04698,2025-12-19,,,,Novo,Inativo
4699,Cliente 04699,2024-02-17,,,,Recorrente,Ativo
4700,Cliente 04700,2025-02-12,,,,Recorrente,Ativo
4701,Cliente 04701,2024-05-15,,,,Novo,Ativo
4702,Cliente 04702,2024-07-19,,,,Novo,Ativo
4703,Cliente 04703,2024-09-06,,,,Novo,Ativo
4704,Cliente 04704,2024-11-09,,,,Recorrente,Ativo
4705,Cliente 04705,2025-01-02,,,,Novo,Ativo
4706,Cliente 04706,2025-03-04,,,,Recorrente,Ativo
4707,Cliente 04707,2025-04-24,,,,VIP,Ativo
4708,Cliente 04708,2024-11-09,,,,Recorrente,Ativo
4709,Cliente 04709,2025-05-14,,,,VIP,Ativo
4710,Cliente 04710,2025-12-21,,,,VIP,Ativo
4711,Cliente 04711,2024-12-20,,,,Novo,Ativo
4712,Cliente 04712,2025-04-29,,,,Recorrente,Ativo
4713,Cliente 04713,2024-07-29,,,,Novo,Ativo
4714,Cliente 04714,2025-12-04,,,,Recorrente,Ativo
4715,Cliente 04715,2024-02-13,,,,Novo,Ativo
4716,Cliente 04716,2025-06-24,,,,VIP,Ativo
4717,Cliente 04717,2025-07-24,,,,Recorrente,Ativo
4718,Cliente 04718,2025-08-05,,,,Recorrente,Ativo
4719,Cliente 04719,2024-04-01,,,,Novo,Ativo
4720,Cliente 04720,2024-09-21,,,,Novo,Ativo
4721,Cliente 04721,2024-08-07,,,,Recorrente,Ativo
4722,Cliente 04722,2025-03-17,,,,Novo,Ativo
4723,Cliente 04723,2025-02-04,,,,Recorrente,Ativo
4724,Cliente 04724,2025-02-03,,,,Novo,Inativo
4725,Cliente 04725,2025-12-27,,,,Recorrente,Ativo
4726,Cliente 04726,2025-07-29,,,,Novo,Ativo
4727,Cliente 04727,2025-05-04,,,,Recorrente,Inativo
4728,Cliente 04728,2025-04-29,,,,Recorrente,Ativo
4729,Cliente 04729,2025-04-14,,,,Novo,Ativo
4730,Cliente 04730,2025-07-27,,,,Novo,Ativo
4731,Cliente 04731,2025-11-12,,,,Novo,Ativo
4732,Cliente 04732,2025-03-20,,,,Recorrente,Ativo
4733,Cliente 04733,2024-09-25,,,,Novo,Ativo
4734,Cliente 04734,2024-09-23,,,,Recorrente,Ativo
4735,Cliente 04735,2024-02-23,,,,Novo,Ativo
4736,Cliente 04736,2025-06-11,,,,Novo,Ativo
4737,Cliente 04737,2025-06-03,,,,Novo,Ativo
4738,Cliente 04738,2025-09-07,,,,Novo,Ativo
4739,Cliente 04739,2024-02-28,,,,Novo,Ativo
4740,Cliente 04740,2024-02-09,,,,VIP,Ativo
4741,Cliente 04741,2024-08-24,,,,Recorrente,Ativo
4742,Cliente 04742,2025-01-20,,,,Novo,Ativo
4743,Cliente 04743,2025-08-28,,,,Recorrente,Ativo
4744,Cliente 04744,2025-12-16,,,,Recorrente,Inativo
4745,Cliente 04745,2025-10-11,,,,Novo,Ativo
4746,Cliente 04746,2024-10-26,,,,Novo,Ativo
4747,Cliente 04747,2025-01-29,,,,Novo,Ativo
4748,Cliente 04748,2024-07-25,,,,Novo,Ativo
4749,Cliente 04749,2024-12-01,,,,VIP,Ativo
4750,Cliente 04750,2025-08-15,,,,Recorrente,Ativo
4751,Cliente 04751,2025-12-30,,,,Novo,Ativo
4752,Cliente 04752,2025-05-28,,,,Novo,Ativo
4753,Cliente 04753,2024-06-26,,,,Recorrente,Ativo
4754,Cliente 04754,2025-01-30,,,,Recorrente,Ativo
4755,Cliente 04755,2025-01-05,,,,Recorrente,Inativo
4756,Cliente 04756,2025-10-19,,,,Recorrente,Ativo
4757,Cliente 04757,2024-11-13,,,,Novo,Ativo
4758,Cliente 04758,2025-01-03,,,,Recorrente,Ativo
4759,Cliente 04759,2025-01-18,,,,Recorrente,Ativo
4760,Cliente 04760,2024-03-02,,,,Novo,Ativo
4761,Cliente 04761,2025-05-19,,,,Recorrente,Ativo
4762,Cliente 04762,2024-08-26,,,,Novo,Ativo
4763,Cliente 04763,2024-07-13,,,,Novo,Ativo
4764,Cliente 04764,2025-11-08,,,,Novo,Ativo
4765,Cliente 04765,2024-08-09,,,,Novo,Ativo
4766,Cliente 04766,2024-03-01,,,,Novo,Inativo
4767,Cliente 04767,2024-05-08,,,,Novo,Inativo
4768,Cliente 04768,2025-11-15,,,,Novo,Ativo
4769,Cliente 04769,2024-06-04,,,,Novo,Ativo
4770,Cliente 04770,2025-01-12,,,,Novo,Ativo
4771,Cliente 04771,2025-09-13,,,,Novo,Ativo
4772,Cliente 04772,2025-08-08,,,,Recorrente,Ativo
4773,Cliente 04773,2025-03-12,,,,Novo,Ativo
4774,Cliente 04774,2024-07-25,,,,Novo,Ativo
4775,Cliente 04775,2025-01-22,,,,Recorrente,Ativo
4776,Cliente 04776,2025-04-24,,,,Recorrente,Ativo
4777,Cliente 04777,2024-12-05,,,,Recorrente,Ativo
4778,Cliente 04778,2024-12-05,,,,Novo,Ativo
4779,Cliente 04779,2024-07-22,,,,Novo,Ativo
4780,Cliente 04780,2024-06-09,,,,Recorrente,Ativo
4781,Cliente 04781,2025-06-23,,,,Novo,Ativo
4782,Cliente 04782,2025-01-26,,,,Novo,Ativo
4783,Cliente 04783,2025-11-07,,,,Novo,Ativo
4784,Cliente 04784,2025-07-28,,,,Recorrente,Ativo
4785,Cliente 04785,2025-06-17,,,,Novo,Ativo
4786,Cliente 04786,2024-03-10,,,,VIP,Ativo
4787,Cliente 04787,2025-02-08,,,,Recorrente,Ativo
4788,Cliente 04788,2025-08-30,,,,Novo,Inativo
4789,Cliente 04789,2025-11-05,,,,Recorrente,Ativo
4790,Cliente 04790,2025-08-13,,,,Recorrente,Ativo
4791,Cliente 04791,2025-05-31,,,,Recorrente,Ativo
4792,Cliente 04792,2024-04-29,,,,Novo,Ativo
4793,Cliente 04793,2025-11-20,,,,Recorrente,Ativo
4794,Cliente 04794,2025-11-18,,,,Novo,Ativo
4795,Cliente 04795,2024-08-04,,,,VIP,Ativo
4796,Cliente 04796,2024-02-25,,,,Novo,Ativo
4797,Cliente 04797,2024-12-31,,,,Novo,Ativo
4798,Cliente 04798,2025-11-29,,,,Recorrente,Ativo
4799,Cliente 04799,2025-05-18,,,,Recorrente,Ativo
4800,Cliente 04800,2025-03-30,,,,Recorrente,Ativo
4801,Cliente 04801,2024-04-13,,,,Novo,Ativo
4802,Cliente 04802,2024-03-17,,,,Novo,Ativo
4803,Cliente 04803,2024-08-17,,,,VIP,Ativo
4804,Cliente 04804,2024-09-14,,,,Recorrente,Ativo
4805,Cliente 04805,2024-09-20,,,,Recorrente,Ativo
4806,Cliente 04806,2024-11-26,,,,Novo,Ativo
4807,Cliente 04807,2024-06-30,,,,Novo,Ativo
4808,Cliente 04808,2025-07-03,,,,Recorrente,Ativo
4809,Cliente 04809,2025-11-18,,,,Recorrente,Ativo
4810,Cliente 04810,2024-01-27,,,,Novo,Ativo
4811,Cliente 04811,2024-10-02,,,,Recorrente,Ativo
4812,Cliente 04812,2025-10-13,,,,Novo,Ativo
4813,Cliente 04813,2024-10-25,,,,Novo,Ativo
4814,Cliente 04814,2024-03-31,,,,Novo,Ativo
4815,Cliente 04815,2025-04-24,,,,Novo,Ativo
4816,Cliente 04816,2025-07-26,,,,Novo,Inativo
4817,Cliente 04817,2025-04-02,,,,Novo,Ativo
4818,Cliente 04818,2025-03-26,,,,Novo,Ativo
4819,Cliente 04819,2024-12-30,,,,Recorrente,Ativo
4820,Cliente 04820,2025-11-05,,,,Novo,Ativo
4821,Cliente 04821,2024-12-16,,,,Novo,Ativo
4822,Cliente 04822,2025-10-16,,,,Novo,Ativo
4823,Cliente 04823,2025-02-03,,,,Novo,Ativo
4824,Cliente 04824,2024-09-09,,,,Recorrente,Ativo
4825,Cliente 04825,2025-04-03,,,,Novo,Ativo
4826,Cliente 04826,2025-11-29,,,,Recorrente,Ativo
4827,Cliente 04827,2025-05-13,,,,Recorrente,Ativo
4828,Cliente 04828,2025-05-22,,,,Novo,Ativo
4829,Cliente 04829,2024-10-30,,,,Novo,Ativo
4830,Cliente 04830,2025-05-15,,,,Novo,Ativo
4831,Cliente 04831,2025-08-20,,,,Novo,Ativo
4832,Cliente 04832,2024-06-14,,,,Recorrente,Ativo
4833,Cliente 04833,2025-02-18,,,,Recorrente,Ativo
4834,Cliente 04834,2025-04-06,,,,Novo,Ativo
4835,Cliente 04835,2024-04-23,,,,Novo,Ativo
4836,Cliente 04836,2025-03-08,,,,Novo,Inativo
4837,Cliente 04837,2024-12-21,,,,Recorrente,Ativo
4838,Cliente 04838,2025-11-25,,,,Novo,Ativo
4839,Cliente 04839,2024-07-25,,,,Novo,Ativo
4840,Cliente 04840,2024-08-22,,,,Novo,Ativo
4841,Cliente 04841,2025-03-17,,,,Recorrente,Ativo
4842,Cliente 04842,2024-12-20,,,,Recorrente,Ativo
4843,Cliente 04843,2025-05-29,,,,Novo,Ativo
4844,Cliente 04844,2024-07-26,,,,Novo,Ativo
4845,Cliente 04845,2025-12-09,,,,VIP,Ativo
4846,Cliente 04846,2024-05-04,,,,Novo,Ativo
4847,Cliente 04847,2024-05-17,,,,Recorrente,Ativo
4848,Cliente 04848,2024-12-04,,,,Novo,Ativo
4849,Cliente 04849,2025-06-20,,,,Recorrente,Ativo
4850,Cliente 04850,2024-03-08,,,,Novo,Ativo
4851,Cliente 04851,2025-07-26,,,,VIP,Ativo
4852,Cliente 04852,2025-06-24,,,,Recorrente,Ativo
4853,Cliente 04853,2025-01-17,,,,Recorrente,Ativo
4854,Cliente 04854,2024-01-19,,,,Recorrente,Ativo
4855,Cliente 04855,2025-11-13,,,,Recorrente,Ativo
4856,Cliente 04856,2025-03-25,,,,Novo,Ativo
4857,Cliente 04857,2024-03-14,,,,Recorrente,Ativo
4858,Cliente 04858,2025-07-26,,,,VIP,Ativo
4859,Cliente 04859,2025-10-26,,,,Novo,Inativo
4860,Cliente 04860,2024-10-02,,,,VIP,Ativo
4861,Cliente 04861,2024-02-17,,,,Recorrente,Ativo
4862,Cliente 04862,2024-07-29,,,,Novo,Ativo
4863,Cliente 04863,2025-10-12,,,,Novo,Ativo
4864,Cliente 04864,2025-09-13,,,,Novo,Ativo
4865,Cliente 04865,2025-11-25,,,,Novo,Ativo
4866,Cliente 04866,2025-06-23,,,,Novo,Ativo
4867,Cliente 04867,2025-12-09,,,,Novo,Ativo
4868,Cliente 04868,2024-07-09,,,,Novo,Ativo
4869,Cliente 04869,2024-11-10,,,,Novo,Ativo
4870,Cliente 04870,2025-07-16,,,,VIP,Ativo
4871,Cliente 04871,2025-10-22,,,,Novo,Ativo
4872,Cliente 04872,2025-07-15,,,,Novo,Ativo
4873,Cliente 04873,2024-04-22,,,,Novo,Ativo
4874,Cliente 04874,2024-06-18,,,,Novo,Ativo
4875,Cliente 04875,2025-04-12,,,,Recorrente,Ativo
4876,Cliente 04876,2025-11-08,,,,Recorrente,Inativo
4877,Cliente 04877,2024-01-14,,,,Recorrente,Ativo
4878,Cliente 04878,2025-12-15,,,,Novo,Ativo
4879,Cliente 04879,2024-10-14,,,,Recorrente,Inativo
4880,Cliente 04880,2024-07-07,,,,Novo,Ativo
4881,Cliente 04881,2024-06-03,,,,Novo,Ativo
4882,Cliente 04882,2025-07-20,,,,Novo,Ativo
4883,Cliente 04883,2025-11-24,,,,Novo,Ativo
4884,Cliente 04884,2025-12-22,,,,Novo,Ativo
4885,Cliente 04885,2025-04-15,,,,Novo,Ativo
4886,Cliente 04886,2024-03-15,,,,VIP,Ativo
4887,Cliente 04887,2024-10-03,,,,Novo,Ativo
4888,Cliente 04888,2025-10-06,,,,Novo,Ativo
4889,Cliente 04889,2024-12-08,,,,Novo,Ativo
4890,Cliente 04890,2025-02-28,,,,Recorrente,Inativo
4891,Cliente 04891,2025-07-24,,,,Novo,Ativo
4892,Cliente 04892,2025-05-25,,,,Recorrente,Ativo
4893,Cliente 04893,2024-06-30,,,,VIP,Ativo
4894,Cliente 04894,2025-04-02,,,,Novo,Inativo
4895,Cliente 04895,2024-03-04,,,,Novo,Ativo
4896,Cliente 04896,2024-09-16,,,,Novo,Ativo
4897,Cliente 04897,2024-07-11,,,,Recorrente,Ativo
4898,Cliente 04898,2025-10-16,,,,Novo,Ativo
4899,Cliente 04899,2025-09-07,,,,Novo,Ativo
4900,Cliente 04900,2025-02-09,,,,Novo,Ativo
4901,Cliente 04901,2025-12-26,,,,Recorrente,Ativo
4902,Cliente 04902,2025-12-21,,,,Novo,Ativo
4903,Cliente 04903,2024-04-02,,,,Novo,Ativo
4904,Cliente 04904,2025-03-05,,,,Recorrente,Ativo
4905,Cliente 04905,2025-10-15,,,,Recorrente,Ativo
4906,Cliente 04906,2025-03-09,,,,Recorrente,Ativo
4907,Cliente 04907,2025-02-07,,,,Novo,Ativo
4908,Cliente 04908,2025-03-09,,,,Recorrente,Ativo
4909,Cliente 04909,2024-04-21,,,,Recorrente,Ativo
4910,Cliente 04910,2025-01-09,,,,Novo,Ativo
4911,Cliente 04911,2024-02-28,,,,Recorrente,Ativo
4912,Cliente 04912,2024-02-12,,,,Novo,Ativo
4913,Cliente 04913,2024-07-25,,,,VIP,Ativo
4914,Cliente 04914,2024-10-22,,,,Novo,Ativo
4915,Cliente 04915,2024-04-27,,,,Recorrente,Ativo
4916,Cliente 04916,2025-06-15,,,,Novo,Ativo
4917,Cliente 04917,2024-08-09,,,,VIP,Inativo
4918,Cliente 04918,2024-06-14,,,,Novo,Ativo
4919,Cliente 04919,2025-10-04,,,,VIP,Inativo
4920,Cliente 04920,2024-06-04,,,,VIP,Ativo
4921,Cliente 04921,2024-07-02,,,,Novo,Ativo
4922,Cliente 04922,2024-03-30,,,,Recorrente,Ativo
4923,Cliente 04923,2024-04-03,,,,VIP,Ativo
4924,Cliente 04924,2024-01-13,,,,Novo,Ativo
4925,Cliente 04925,2025-03-13,,,,Novo,Ativo
4926,Cliente 04926,2025-06-21,,,,Novo,Ativo
4927,Cliente 04927,2025-08-09,,,,Novo,Ativo
4928,Cliente 04928,2024-05-29,,,,Novo,Ativo
4929,Cliente 04929,2025-10-21,,,,Novo,Ativo
4930,Cliente 04930,2024-01-08,,,,Novo,Ativo
4931,Cliente 04931,2024-01-29,,,,Novo,Ativo
4932,Cliente 04932,2024-10-22,,,,Novo,Ativo
4933,Cliente 04933,2025-12-21,,,,Recorrente,Ativo
4934,Cliente 04934,2025-10-01,,,,Recorrente,Ativo
4935,Cliente 04935,2024-12-05,,,,Novo,Ativo
4936,Cliente 04936,2025-09-19,,,,Recorrente,Ativo
4937,Cliente 04937,2025-03-14,,,,Recorrente,Ativo
4938,Cliente 04938,2024-05-23,,,,VIP,Ativo
4939,Cliente 04939,2025-06-02,,,,Novo,Ativo
4940,Cliente 04940,2024-02-14,,,,Novo,Ativo
4941,Cliente 04941,2024-08-26,,,,VIP,Ativo
4942,Cliente 04942,2024-06-03,,,,VIP,Ativo
4943,Cliente 04943,2024-06-29,,,,Recorrente,Ativo
4944,Cliente 04944,2024-08-02,,,,Recorrente,Inativo
4945,Cliente 04945,2024-03-28,,,,Novo,Ativo
4946,Cliente 04946,2024-09-12,,,,Novo,Ativo
4947,Cliente 04947,2025-05-25,,,,Novo,Ativo
4948,Cliente 04948,2024-03-13,,,,Novo,Ativo
4949,Cliente 04949,2024-06-27,,,,Recorrente,Ativo
4950,Cliente 04950,2024-07-30,,,,Novo,Ativo
4951,Cliente 04951,2024-08-21,,,,Novo,Ativo
4952,Cliente 04952,2025-04-09,,,,VIP,Ativo
4953,Cliente 04953,2024-08-10,,,,Novo,Ativo
4954,Cliente 04954,2025-09-22,,,,VIP,Ativo
4955,Cliente 04955,2024-09-20,,,,VIP,Inativo
4956,Cliente 04956,2024-07-25,,,,Recorrente,Ativo
4957,Cliente 04957,2025-08-29,,,,Novo,Ativo
4958,Cliente 04958,2024-12-31,,,,Novo,Ativo
4959,Cliente 04959,2024-10-02,,,,Novo,Ativo
4960,Cliente 04960,2025-01-14,,,,Novo,Ativo
4961,Cliente 04961,2024-11-04,,,,Novo,Ativo
4962,Cliente 04962,2025-09-22,,,,VIP,Ativo
4963,Cliente 04963,2024-09-24,,,,Novo,Ativo
4964,Cliente 04964,2024-03-04,,,,Recorrente,Inativo
4965,Cliente 04965,2024-12-15,,,,Novo,Ativo
4966,Cliente 04966,2025-05-08,,,,Recorrente,Ativo
4967,Cliente 04967,2025-06-06,,,,VIP,Ativo
4968,Cliente 04968,2024-04-07,,,,Novo,Ativo
4969,Cliente 04969,2024-03-11,,,,Novo,Ativo
4970,Cliente 04970,2024-12-29,,,,Recorrente,Inativo
4971,Cliente 04971,2025-07-23,,,,Recorrente,Ativo
4972,Cliente 04972,2024-10-02,,,,Recorrente,Ativo
4973,Cliente 04973,2024-02-19,,,,Novo,Ativo
4974,Cliente 04974,2024-12-23,,,,Novo,Ativo
4975,Cliente 04975,2025-12-28,,,,VIP,Ativo
4976,Cliente 04976,2025-07-17,,,,VIP,Inativo
4977,Cliente 04977,2025-04-29,,,,Novo,Ativo
4978,Cliente 04978,2024-03-24,,,,Recorrente,Ativo
4979,Cliente 04979,2025-09-29,,,,Novo,Ativo
4980,Cliente 04980,2025-08-06,,,,Novo,Ativo
4981,Cliente 04981,2024-10-22,,,,Novo,Ativo
4982,Cliente 04982,2024-08-23,,,,Novo,Ativo
4983,Cliente 04983,2024-02-25,,,,Novo,Ativo
4984,Cliente 04984,2024-12-25,,,,Novo,Ativo
4985,Cliente 04985,2024-04-19,,,,Novo,Ativo
4986,Cliente 04986,2024-07-10,,,,Recorrente,Ativo
4987,Cliente 04987,2024-04-02,,,,Recorrente,Ativo
4988,Cliente 04988,2025-07-21,,,,Recorrente,Ativo
4989,Cliente 04989,2024-02-29,,,,VIP,Ativo
4990,Cliente 04990,2025-10-11,,,,Novo,Ativo
4991,Cliente 04991,2024-02-08,,,,Recorrente,Ativo
4992,Cliente 04992,2025-06-23,,,,Recorrente,Ativo
4993,Cliente 04993,2024-02-18,,,,Novo,Ativo
4994,Cliente 04994,2025-02-23,,,,Novo,Ativo
4995,Cliente 04995,2025-09-28,,,,Novo,Ativo
4996,Cliente 04996,2024-01-13,,,,Recorrente,Ativo
4997,Cliente 04997,2024-02-05,,,,Novo,Ativo
4998,Cliente 04998,2024-04-10,,,,Recorrente,Ativo
4999,Cliente 04999,2024-03-26,,,,Recorrente,Ativo
5000,Cliente 05000,2025-05-30,,,,Recorrente,Ativo
